timestamp,rssi,sc0_re,sc0_im,sc1_re,sc1_im,sc2_re,sc2_im,sc3_re,sc3_im,sc4_re,sc4_im,sc5_re,sc5_im,sc6_re,sc6_im,sc7_re,sc7_im,sc8_re,sc8_im,sc9_re,sc9_im,sc10_re,sc10_im,sc11_re,sc11_im,sc12_re,sc12_im,sc13_re,sc13_im,sc14_re,sc14_im,sc15_re,sc15_im,sc16_re,sc16_im,sc17_re,sc17_im,sc18_re,sc18_im,sc19_re,sc19_im,sc20_re,sc20_im,sc21_re,sc21_im,sc22_re,sc22_im,sc23_re,sc23_im,sc24_re,sc24_im,sc25_re,sc25_im,sc26_re,sc26_im,sc27_re,sc27_im,sc28_re,sc28_im,sc29_re,sc29_im,sc30_re,sc30_im,sc31_re,sc31_im,sc32_re,sc32_im,sc33_re,sc33_im,sc34_re,sc34_im,sc35_re,sc35_im,sc36_re,sc36_im,sc37_re,sc37_im,sc38_re,sc38_im,sc39_re,sc39_im,sc40_re,sc40_im,sc41_re,sc41_im,sc42_re,sc42_im,sc43_re,sc43_im,sc44_re,sc44_im,sc45_re,sc45_im,sc46_re,sc46_im,sc47_re,sc47_im,sc48_re,sc48_im,sc49_re,sc49_im,sc50_re,sc50_im,sc51_re,sc51_im,sc52_re,sc52_im,sc53_re,sc53_im,sc54_re,sc54_im,sc55_re,sc55_im,sc56_re,sc56_im,sc57_re,sc57_im,sc58_re,sc58_im,sc59_re,sc59_im,sc60_re,sc60_im,sc61_re,sc61_im,sc62_re,sc62_im,sc63_re,sc63_im
1,-40,13.385756,0.2677508,13.8660965,0.95949936,14.190382,1.6847954,14.359913,2.4245222,14.381782,3.160965,14.268193,3.8788333,14.035517,4.566081,13.703153,5.214487,13.292278,5.819944,12.824535,6.38246,12.32076,6.9058666,11.799827,7.397259,11.27764,7.866195,10.7663965,8.323744,10.274089,8.781389,9.804319,9.249926,9.356429,9.738376,8.925878,10.253009,8.50493,10.796555,8.083509,11.367633,7.650234,11.96046,7.193506,12.56485,6.702624,13.166522,6.1688266,13.747699,5.586187,14.287962,4.952325,14.765317,4.268859,15.15741,3.5415847,15.442831,2.7803593,15.602412,1.9986929,15.620438,1.213066,15.485733,0.44203475,15.192501,-0.29485783,14.740908,-0.97826934,14.137339,-1.5902833,13.394336,-2.115593,12.530186,-2.5425677,11.568193,-2.864138,10.535662,-3.0784278,9.462671,-3.189106,8.380653,-3.2054157,7.3209076,-3.1418824,6.313112,-3.0176983,5.383876,-2.8558328,4.555516,-2.6818871,3.844978,-2.5227885,3.2631161,-2.4053586,2.814232,-2.3548727,2.4960115,-2.393666,2.2997847,-2.5398757,2.211118,-2.806388,2.210717,-3.200065,2.2755613,-3.7212627,2.3802202,-4.363724,2.4982774,-5.114797,2.6037672,-5.955991,2.672554,-6.8638783,2.68358,-7.811204,2.6198974,-8.76825,2.4694476,-9.704284,2.2255332,-10.589056,1.886977,-11.394283,1.4579389,-12.09498,0.9474527,-12.670625,0.3686572
2,-40,13.761838,0.55076736,14.205732,1.2689103,14.490386,2.0150461,14.618366,2.7699206,14.597975,3.515938,14.442496,4.238152,14.169217,4.925048,13.798248,5.569065,13.351257,6.166837,12.850145,6.7191305,12.315796,7.2304993,11.76692,7.708664,11.219119,8.163689,10.684158,8.606978,10.169544,9.0501795,9.678387,9.504064,9.20957,9.977461,8.758201,10.476301,8.316321,11.002865,7.8737965,11.555258,7.419363,12.127165,6.9417267,12.707917,6.4306636,13.282839,5.8780346,13.833903,5.278644,14.340623,4.630904,14.781147,3.9372346,15.1335,3.2041812,15.376872,2.4422414,15.4929085,1.6654063,15.466907,0.8904299,15.288839,0.13589811,14.954153,-0.57888037,14.464287,-1.2350689,13.826867,-1.8155193,13.055566,-2.3059304,12.169636,-2.6958766,11.193129,-2.9796364,10.15381,-3.1567664,9.0819235,-3.2323797,8.008738,-3.2171068,6.965064,-3.1267264,5.9797764,-2.9814937,5.0784135,-2.805182,4.2819815,-2.623901,3.6059492,-2.464756,3.059592,-2.3544092,2.6456134,-2.3176389,2.3601487,-2.3759677,2.1931074,-2.5464468,2.1288326,-2.8406541,2.1470582,-3.2639835,2.2240903,-3.8152423,2.3341534,-4.4866114,2.4508214,-5.263948,2.548452,-6.1274114,2.603541,-7.0524297,2.5959296,-8.010859,2.5097857,-8.972387,2.3343182,-9.906011,2.0641809,-10.781525,1.699558,-11.571006,1.2459116,-12.250105,0.713452,-12.799181,0.11631239
3,-39,14.126502,0.84860873,14.531522,1.5915239,14.774439,2.35663,14.859106,3.1246006,14.7950325,3.8780227,14.5965805,4.602354,14.281936,5.286661,13.871894,5.9240904,13.388578,6.5120482,12.854118,7.0520835,12.289403,7.549481,11.712959,8.012601,11.140047,8.452002,10.581988,8.87942,10.045788,9.306654,9.534052,9.744439,9.045217,10.201403,8.57404,10.683128,8.112352,11.191449,7.6499724,11.723961,7.1757708,12.273836,6.6787724,12.829938,6.1492305,13.377229,5.579632,13.897464,4.965503,14.370126,4.3060265,14.773548,3.6043975,15.08616,2.8678665,15.287788,2.1075313,15.360924,1.3378011,15.291882,0.5756408,15.071791,-0.16039214,14.697327,-0.8512943,14.171184,-1.4787879,13.502177,-2.0265524,12.705069,-2.48133,11.800015,-2.8339317,10.811727,-3.0800002,9.768362,-3.220518,8.700244,-3.2620301,7.638391,-3.2165112,6.613052,-3.100949,5.652227,-2.936589,4.7803183,-2.7479346,4.0169787,-2.561518,3.3761737,-2.4045372,2.8655908,-2.3034031,2.4863396,-2.2823114,2.233035,-2.3618975,2.09421,-2.5580604,2.053042,-2.881016,2.088364,-3.33466,2.1758904,-3.9162285,2.2895827,-4.616346,2.4030929,-5.4193983,2.4911838,-6.30423,2.5310583,-7.2451744,2.5035214,-8.213261,2.393909,-9.177659,2.1927347,-10.107164,1.8960238,-10.971695,1.5053264,-11.74376,1.0273939,-12.399717,0.4735866,-12.9208555,-0.14100759
4,-39,14.47803,1.1607198,14.841848,1.9266087,15.041041,2.7086582,15.080764,3.4875364,14.971739,4.2460775,14.729392,4.9702034,14.372781,5.649614,13.923364,6.2782063,13.403685,6.85419,12.83606,7.379917,12.241349,7.86142,11.637865,8.307695,11.0405,8.729798,10.460107,9.139784,9.903173,9.549586,9.371804,9.969896,8.863979,10.409126,8.374121,10.872512,7.8938527,11.36143,7.412964,11.872979,6.9204736,12.399833,6.405728,12.930407,5.8594737,13.449327,5.2748127,13.938168,4.6479826,14.376415,3.9789224,14.742619,3.271563,15.0156555,2.5338306,15.176015,1.7773587,15.207049,1.0169303,15.0961075,0.26966023,14.835469,-0.44599673,14.423036,-1.11139,13.86271,-1.7088718,13.164477,-2.2229855,12.344116,-2.6415663,11.422623,-2.9566796,10.4253,-3.165342,9.380614,-3.2699635,8.318879,-3.278485,7.2707925,-3.2041962,6.265953,-3.06523,5.3314257,-2.883757,4.490419,-2.6849308,3.7611954,-2.4956217,3.1561902,-2.343027,2.681498,-2.2532222,2.3366518,-2.2497358,2.1147742,-2.3522418,2.0030715,-2.575423,1.9836173,-2.9280899,2.034419,-3.4126053,2.1306798,-4.024626,2.246185,-4.7532234,2.3547497,-5.581337,2.4316235,-6.4865375,2.4547904,-7.442118,2.4060817,-8.418348,2.27205,-9.38395,2.044547,-10.307593,1.7209858,-11.159401,1.3042828,-11.912385,0.8024624,-12.543672,0.22800383,-13.035545,-0.40309262
5,-38,14.814745,1.4864327,15.135146,2.2733274,15.288763,3.0701444,15.282062,3.8576143,15.126973,4.618885,14.839972,5.3404007,14.44097,6.0125494,13.952046,6.6300154,13.39613,7.1918473,12.79569,7.7012215,12.17152,8.164924,11.541678,8.592591,10.920665,8.995767,10.31884,9.386815,9.742164,9.777793,9.192225,10.179336,8.66656,10.5996275,8.159248,11.043546,7.6617284,11.512019,7.163766,12.001646,6.65454,12.504617,6.12373,13.008924,5.5625753,13.498884,4.9647913,13.955915,4.327316,14.359549,3.650819,14.688584,2.939939,14.922371,2.2032301,15.042089,1.4528208,15.031977,0.7038048,14.880421,-0.02661383,14.580849,-0.72013843,14.132361,-1.3585378,13.540054,-1.9248414,12.815021,-2.404509,11.974013,-2.7864969,11.038791,-3.0641503,10.035174,-3.2358646,8.9918585,-3.30546,7.9390683,-3.282252,6.9070916,-3.180797,5.9248157,-3.0203142,5.0182967,-2.8238282,4.209504,-2.617061,3.5152707,-2.4271317,2.9464846,-2.2811525,2.5076504,-2.204771,2.196738,-2.2207713,2.0054188,-2.3477912,1.9196221,-2.599242,1.9203854,-2.9824827,1.9849668,-3.4983194,2.088142,-4.1408205,2.2036068,-4.897519,2.3054252,-5.749934,2.3694143,-6.674409,2.3744092,-7.6432524,2.3033288,-8.626045,2.1439872,-9.591132,1.8896041,-10.507144,1.5389926,-11.344475,1.0964308,-12.076718,0.5711965,-12.681837,-0.023146681,-13.143156,-0.6697324
6,-38,15.135024,1.8249712,15.409921,2.6307428,15.5162525,3.4400108,15.461803,4.2336397,15.259709,4.995158,14.927471,5.711592,14.485826,6.3740644,13.957439,6.9780936,13.36559,7.5235944,12.732856,8.014581,12.079922,8.458607,11.4245615,8.86595,10.780846,9.248627,10.158628,9.619307,9.563327,9.990155,8.996004,10.371727,8.453751,10.771976,7.930317,11.195414,7.416959,11.642514,6.9034333,12.109387,6.379089,12.587751,5.8339486,13.065194,5.259742,13.525752,4.6507964,13.950718,4.004733,14.319694,3.3229315,14.611766,2.6107047,14.806791,1.8771912,14.886656,1.1349648,14.8365,0.39937386,14.645751,-0.3123465,14.30898,-0.9821181,13.8264675,-1.592186,13.204462,-2.1263075,12.455121,-2.5709012,11.5961075,-2.9160743,10.6498785,-3.156468,9.642694,-3.2918568,8.603397,-3.3274553,7.56204,-3.2739213,6.5484295,-3.1470246,5.5906563,-2.9670124,4.7137275,-2.757688,3.9383144,-2.54526,3.279792,-2.3570073,2.7474906,-2.219865,2.3443258,-2.1589715,2.0667295,-2.1962843,1.9049646,-2.349337,1.8437392,-2.6302154,1.8631238,-3.0447881,1.9397063,-3.5922832,2.0479212,-4.2651787,2.161463,-5.049485,2.254726,-5.9253354,2.3041766,-6.8678913,2.2895718,-7.848543,2.1949716,-8.836251,2.0094926,-9.799061,1.7277533,-10.705639,1.3499703,-11.526738,0.8817736,-12.236594,0.33367527,-12.814071,-0.2797136,-13.243589,-0.94071585
7,-37,15.437303,2.175454,15.66475,2.9978204,15.722241,3.8170934,15.618894,4.614345,15.369021,5.373547,14.991147,6.0823703,14.506789,6.7327223,13.939167,7.3209915,13.31186,7.8479867,12.647516,8.3185835,11.966672,8.741104,11.286779,9.126459,10.621457,9.487145,9.980019,9.836108,9.367325,10.185608,8.783914,10.546115,8.226427,10.925328,7.688289,11.327389,7.1605854,11.752317,6.6330757,12.19574,6.095285,12.648911,5.5375867,13.099041,4.952202,13.529902,4.334064,13.922701,3.6814628,14.257135,2.9964612,14.51261,2.2850115,14.66951,1.5567982,14.710461,0.824787,14.621501,0.104527295,14.393112,-0.5867733,14.020992,-1.2313125,13.506577,-1.8118658,12.857231,-2.3129668,12.086127,-2.7220297,11.211776,-3.03034,10.25726,-3.233845,9.249206,-3.3336937,8.2165165,-3.3364775,7.1890025,-3.2541535,6.195907,-3.1036594,5.264467,-2.9062004,4.4185658,-2.6862803,3.677547,-2.4705083,3.0553005,-2.2862387,2.5595868,-2.1601415,2.1917455,-2.1167574,1.9467027,-2.177143,1.8133531,-2.3576648,1.7752466,-2.6690273,1.81156,-3.115578,1.8982941,-3.6949506,2.0096254,-4.3980365,2.1193345,-5.20934,2.202235,-6.1076508,2.235515,-7.0670013,2.1999195,-8.057926,2.080707,-9.048838,1.8683382,-10.007565,1.5588384,-10.902887,1.1538435,-11.70599,0.6603249,-12.391829,0.08998985,-12.940225,-0.5415456,-13.336746,-1.2158339
8,-37,15.720092,2.5369003,15.898293,3.373436,15.905562,4.200152,15.752334,4.9983954,15.454107,5.752651,15.030376,6.4512906,14.503422,7.087059,13.896967,7.657249,13.234857,8.163591,12.539755,8.6118355,11.832015,9.011076,11.128726,9.37286,10.443019,9.710139,9.783655,10.036131,9.154919,10.36317,8.556816,10.701622,7.9855404,11.058928,7.434198,11.438842,6.893709,11.840928,6.3538465,12.260339,5.804325,12.68788,5.2358685,13.1103945,4.641194,13.511423,4.0158286,13.872102,3.358717,14.172265,2.6725793,14.391663,1.9639744,14.511228,1.2430862,14.514339,0.52322537,14.387956,-0.17991325,14.123601,-0.8492057,13.718086,-1.4671808,13.173973,-2.017197,12.499711,-2.4846065,11.709426,-2.8578553,10.822416,-3.1294277,9.862322,-3.2965844,8.856052,-3.36184,7.832498,-3.333135,6.8211436,-3.223688,5.8505983,-3.051546,4.9471807,-2.838803,4.133601,-2.610586,3.427835,-2.3938196,2.8422656,-2.2158422,2.3830836,-2.1029718,2.0500674,-2.0790699,1.8366694,-2.1642172,1.7304668,-2.3735507,1.7139169,-2.7163496,1.7653773,-3.1954086,1.8603446,-3.8067567,1.9728273,-4.5397058,2.0767784,-5.377283,2.1475132,-6.2969728,2.1630182,-7.2717357,2.1050904,-8.27132,1.9602364,-9.263665,1.7202915,-10.216466,1.3827134,-11.098692,0.95054996,-11.882037,0.4320958,-12.542244,-0.15977271,-13.060157,-0.80847925,-13.422529,-1.4948663
9,-36,15.98198,2.9082336,16.109303,3.756382,16.06514,4.58787,15.861243,5.384395,15.514263,6.131021,15.044652,6.8168774,14.475403,7.4355917,13.830708,7.985401,13.134617,8.46898,12.409778,8.892963,11.676306,9.267222,10.950895,9.6039295,10.246161,9.916483,9.570284,10.218353,8.926961,10.521933,8.315657,10.837465,7.7321177,11.172112,7.169136,11.529242,6.6174793,11.907958,6.06694,12.30294,5.5074325,12.704555,4.9300327,13.099302,4.3279567,13.470509,3.6973145,13.799274,3.0376854,14.065592,2.3524263,14.249578,1.6486603,14.332745,0.9370355,14.299232,0.23115072,14.136927,-0.45320162,13.8383875,-1.0990361,13.401525,-1.6892713,12.83,-2.207889,12.13329,-2.6411097,11.326434,-2.9784334,10.429446,-3.2135656,9.466452,-3.34508,8.464568,-3.376843,7.4525957,-3.3181162,6.4596148,-3.183335,5.5135336,-2.9915922,4.639686,-2.7658026,3.8595674,-2.5316343,3.1897507,-2.3162408,2.641097,-2.1468558,2.2182283,-2.0493574,1.9193826,-2.0468502,1.7365774,-2.1583662,1.6561277,-2.3977547,1.6594641,-2.772829,1.7242054,-3.2848058,1.8254284,-3.9281027,1.9370615,-4.690465,2.0333185,-5.5534735,2.0900972,-6.4933524,2.0862563,-7.4820533,2.0047057,-8.488608,1.833247,-9.480562,1.5651201,-10.425552,1.1992264,-11.292824,0.7400223,-12.054655,0.19710474,-12.68764,-0.41551718,-13.173702,-1.0803549,-13.50083,-1.7775989
10,-36,16.221643,3.2882898,16.29663,4.145375,16.200012,4.9788713,15.944846,5.770901,15.548917,6.5071726,15.033592,7.1776323,14.4225445,7.7768335,13.7403755,8.303992,13.011305,8.762748,12.257904,9.160629,11.500017,9.508286,10.753898,9.818507,10.031613,10.105122,9.340744,10.381836,8.684384,10.661078,8.061453,10.952951,7.4672484,11.264326,6.894252,11.59817,6.3330874,11.953129,5.7735815,12.323406,5.2058473,12.69895,4.621329,13.0659275,4.0137234,13.407477,3.3797252,13.704684,2.7195315,13.937727,2.037097,14.087112,1.3400888,14.134952,0.6395618,14.066162,-0.05063227,13.869552,-0.71466565,13.538713,-1.3357443,13.072634,-1.8972173,12.476039,-2.383748,11.759393,-2.7824495,10.938585,-3.0839138,10.0342865,-3.2830706,9.071032,-3.3798108,8.076072,-3.3793342,7.0780363,-3.2921867,6.1055303,-3.1339715,5.185692,-2.9247665,4.3428187,-2.6882327,3.5971432,-2.4504945,2.9638064,-2.2388487,2.452139,-2.0803351,2.065201,-2.00031,1.7997181,-2.021038,1.6463132,-2.1604385,1.5900984,-2.4310188,1.6115495,-2.8390877,1.6876262,-3.384264,1.7930735,-4.059355,1.9018284,-4.8505545,1.9884514,-5.7380323,2.0295033,-6.696807,2.0047865,-7.697882,1.8983817,-8.709645,1.6994259,-9.699329,1.4025917,-10.634596,1.0082322,-11.485045,0.5222028,-12.22361,-0.044622663,-12.827814,-0.67714167,-13.280704,-1.3570051,-13.571546,-2.063812
11,-35,16.437855,3.6758237,16.459234,4.53906,16.309332,5.3717227,16.002493,6.156428,15.557616,6.8795967,14.996946,7.532046,14.344777,8.1093,13.626086,8.611583,12.865204,9.043518,12.0845785,9.413541,11.303732,9.733071,10.538444,10.015503,9.800202,10.275082,9.095962,10.525724,8.428204,10.779881,7.79529,11.047488,7.192074,11.335113,6.6107354,11.645313,6.0417604,11.976268,5.4750147,12.321717,4.9008236,12.671191,4.310996,13.010546,3.6997144,13.322748,3.0642421,13.5889,2.4053745,13.789383,1.7276434,13.905123,1.0392153,13.918837,0.35151702,13.816232,-0.3214012,13.587041,-0.9637222,13.225879,-1.5588943,12.732783,-2.0907495,12.113508,-2.5446699,11.379464,-2.9086995,10.547328,-3.1745396,9.638361,-3.3383555,8.677434,-3.4013476,7.6918545,-3.370026,6.7100105,-3.2561839,5.7599583,-3.076541,4.868004,-2.8520918,4.0573516,-2.607166,3.346934,-2.3682652,2.7504401,-2.1627376,2.275661,-2.0173461,1.9241108,-1.9568369,1.6910297,-2.0025623,1.5656952,-2.1712642,1.5320796,-2.4740589,1.5697781,-2.915716,1.655174,-3.494244,1.762768,-4.2008414,1.8665954,-5.020177,1.9416485,-5.931046,1.9652305,-6.9073153,1.9181544,-7.91911,1.7857269,-8.93425,1.5584595,-9.919736,1.2324781,-10.843337,0.8095916,-11.675089,0.29704085,-12.388655,-0.29305246,-12.9625435,-0.9445361,-13.380984,-1.6382552,-13.634556,-2.353279
12,-35,16.62949,4.0695143,16.596182,4.9360228,16.392363,5.764941,16.033659,6.539457,15.540036,7.2467647,14.934581,7.878605,14.242165,8.431515,13.488082,8.906757,12.696718,9.309956,11.890353,9.650453,11.088141,9.940436,10.3053465,10.193893,9.552847,10.425464,8.836947,10.649256,8.159504,10.877711,7.518315,11.120588,6.9077916,11.384132,6.3198166,11.670474,5.7447476,11.977328,5.172498,12.29797,4.5936117,12.621523,4.000265,12.933548,3.387124,13.216866,2.7520077,13.452607,2.0962913,13.621386,1.4250551,13.704557,0.74693054,13.6854725,0.07367348,13.550623,-0.5805141,13.290675,-1.1998748,12.901239,-1.7681476,12.383385,-2.2696939,11.743861,-2.6906521,10.994965,-3.020028,10.154112,-3.2506483,9.243076,-3.379922,8.287003,-3.4103434,7.3131757,-3.3497093,6.3496633,-3.2110152,5.4239135,-3.0120425,4.5613327,-2.774637,3.7839897,-2.523715,3.1094773,-2.2860715,2.5500169,-2.0890203,2.11186,-1.9589574,1.7949911,-1.9199399,1.5932013,-1.9923371,1.4944764,-2.191649,1.4817116,-2.5275571,1.5336998,-3.0032666,1.626334,-3.6151621,1.7339586,-4.352846,1.8307962,-5.1994843,1.8923556,-6.1325493,1.8967594,-7.1248093,1.8258951,-8.145582,1.6663461,-9.162203,1.4100347,-10.141518,1.0545554,-11.051489,0.60317296,-11.862665,0.06449569,-12.549515,-0.5481405,-13.091593,-1.2175807,-13.474357,-1.9239215,-13.689734,-2.6457682
13,-34,16.795536,4.467975,16.706657,5.3347964,16.448503,6.1570125,16.037945,6.9184494,15.495981,7.6071386,14.846498,8.215802,14.114894,8.742025,13.326721,9.188137,12.506372,9.560774,11.675897,9.870184,10.854042,10.129319,10.055511,10.352742,9.290548,10.555465,8.564785,10.751765,7.8794327,10.954051,7.231726,11.171878,6.6156363,11.411152,6.0227513,11.673571,5.4433146,11.956374,4.867292,12.252375,4.2854543,12.550304,3.6903467,12.83544,3.0771153,13.090473,2.4441223,13.296585,1.7933033,13.434643,1.1302602,13.486455,0.4640527,13.436004,-0.19327493,13.270588,-0.8274152,12.981785,-1.422718,12.5661955,-1.96326,12.025891,-2.4339733,11.368568,-2.82179,10.607372,-3.1167014,9.760384,-3.3126748,8.849834,-3.4083598,7.901058,-3.4075334,6.941253,-3.3192468,5.9980965,-3.1576533,5.0983543,-2.9415362,4.266482,-2.6935146,3.5233653,-2.439024,2.8852346,-2.2050595,2.3628247,-2.0188148,1.9608544,-1.9062363,1.6778015,-1.8906112,1.5060484,-1.9912549,1.4323432,-2.2223718,1.4385749,-2.5921676,1.5028143,-3.1022575,1.6005492,-3.7474003,1.7060587,-4.5156126,1.7938396,-5.388597,1.8400018,-6.3425417,1.8235594,-7.3491898,1.7275386,-8.37712,1.5398465,-9.393259,1.2538437,-10.36439,0.8686087,-11.258747,0.38885552,-12.047472,-0.1754618,-12.70591,-0.80983084,-13.214717,-1.4961445,-13.560633,-2.2138114,-13.736957,-2.9410396
14,-34,16.935095,4.86976,16.789976,5.733869,16.477272,6.5463853,16.015076,7.2918477,15.425387,7.959187,14.73283,8.5421505,13.96328,9.039412,13.14249,9.454387,12.294801,9.794737,11.441987,10.071621,10.602327,10.298735,9.789942,10.491201,9.014393,10.66438,8.280623,10.832689,7.589193,11.008485,6.9367676,11.201093,6.316875,11.416058,5.7208204,11.654636,5.1387353,11.913585,4.560655,12.185264,3.977579,12.458012,3.382424,12.716836,2.770811,12.944322,2.1416354,13.121719,1.4973729,13.230166,0.8441171,13.251937,0.19132261,13.171663,-0.44871944,12.977442,-1.0616404,12.661763,-1.631943,12.222193,-2.1440852,11.661776,-2.5836105,10.9891205,-2.9382749,10.218156,-3.199079,9.367577,-3.3611405,8.46,-3.4243453,7.5208836,-3.3937323,6.577259,-3.2795713,5.656346,-3.097129,4.7841697,-2.8661237,3.9841814,-2.609881,3.2760413,-2.3542652,2.6745915,-2.1263924,2.1890757,-1.9532484,1.8226883,-1.860244,1.5724274,-1.8698238,1.4293132,-2.00018,1.3789141,-2.2641733,1.4021885,-2.6684928,1.4765639,-3.2131493,1.5772135,-3.8912747,1.6784393,-4.6893225,1.7551013,-5.587563,1.7839903,-6.5609603,1.7450848,-7.580291,1.6226072,-8.613478,1.4058313,-9.627117,1.0895828,-10.588015,0.6744311,-11.464763,0.16653019,-12.229169,-0.422847,-12.857523,-1.0780532,-13.331648,-1.7800826,-13.639597,-2.5077198,-13.776075,-3.2388432
15,-34,17.047388,5.2733755,16.845568,6.1316967,16.47832,6.9314966,15.964915,7.658096,15.328316,8.301387,14.593834,8.856188,13.787762,9.322294,12.935991,9.704229,12.0627575,10.010687,11.189498,10.253729,10.33399,10.447786,9.509711,10.608516,8.725529,10.751603,7.985675,10.891579,7.290038,11.040711,6.634718,11.208081,6.012797,11.39885,5.415309,11.613823,4.8322825,11.849267,4.2538295,12.097078,3.6711848,12.345226,3.0776417,12.578457,2.4692857,12.779263,1.8455378,12.928982,1.2093931,13.009044,0.56740654,13.002199,-0.07060272,12.893735,-0.69214207,12.672551,-1.2828186,12.332032,-1.8273363,11.8707,-2.3105764,11.29253,-2.7187257,10.607002,-3.0403984,9.828777,-3.2676175,8.977103,-3.3966599,8.074912,-3.4286368,7.1477156,-3.3698275,6.2223086,-3.2316844,5.3253913,-3.0305295,4.482182,-2.7869532,3.7150803,-2.5249171,3.0424943,-2.2706282,2.4778492,-2.0512378,2.0288956,-1.8934386,1.6973212,-1.822026,1.4786758,-1.8585249,1.3626652,-2.019947,1.333745,-2.3177562,1.3720149,-2.7570982,1.454346,-3.336363,1.5556839,-4.047064,1.6504446,-4.8741136,1.7139375,-5.796395,1.7237141,-6.7877016,1.6607856,-7.8179164,1.5106255,-8.85438,1.2639124,-9.86345,0.9169596,-10.812036,0.4718302,-11.669166,-0.063896425,-12.4074,-0.6776593,-13.004035,-1.3527215,-13.442108,-2.0692363,-13.711036,-2.8054283,-13.806951,-3.5389202
16,-33,17.13177,5.677287,16.873007,6.526709,16.451427,7.31077,15.887463,8.015644,15.20497,8.632237,14.429899,9.1564865,13.588897,9.589341,12.707943,9.936448,11.811093,10.207535,10.919407,10.415558,10.050098,10.575667,9.215979,10.704035,8.425179,10.81664,7.681203,10.928092,6.9832625,11.050551,6.3268805,11.192817,5.704708,11.359659,5.107508,11.551403,4.5252185,11.763831,3.9480362,11.98838,3.3674412,12.212642,2.7770982,12.421127,2.1735625,12.596243,1.5567595,12.71944,0.93018377,12.772448,0.30083275,12.738508,-0.3211554,12.603573,-0.9231134,12.357332,-1.4906781,11.994063,-2.008787,11.513209,-2.462784,10.919657,-2.8395402,10.2237,-3.1285439,9.440685,-3.3228633,8.590344,-3.419929,7.695865,-3.4220707,6.782738,-3.336778,5.877458,-3.1766422,5.006137,-2.9589891,4.1931353,-2.7052138,3.4597573,-2.4398303,2.8231173,-2.1893158,2.2952237,-1.980765,1.8823284,-1.8404931,1.5846311,-1.7926036,1.396275,-1.8576324,1.3057039,-2.0513473,1.2963247,-2.3837755,1.347459,-2.8584917,1.4355066,-3.4722595,1.535276,-4.214984,1.6213876,-5.070063,1.6696826,-6.01504,1.6585518,-7.0226054,1.5701058,-8.061811,1.3911179,-9.099501,1.113708,-10.101882,0.7356931,-11.03605,0.2606283,-11.871556,-0.30250037,-12.58178,-0.9398791,-13.145094,-1.6337309,-13.545805,-2.363428,-13.774717,-3.1067042,-13.829416,-3.8409965
17,-33,17.187712,6.0799274,16.871986,6.9173203,16.396517,7.6826315,15.78284,8.362956,15.055671,8.95027,14.241534,9.441668,13.367371,9.839284,12.459173,10.149897,11.54077,10.38427,10.632779,10.55625,9.751813,10.68168,8.9099655,10.777215,8.114616,10.859104,7.368514,10.942004,6.6701875,11.037933,6.0145817,11.15539,5.3939185,11.298719,4.7987003,11.467765,4.2187867,11.657808,3.6444666,11.859831,3.0674725,12.061056,2.4818442,12.245767,1.8845978,12.396301,1.2761544,12.494239,0.660489,12.521622,0.045009147,12.462192,-0.5598548,12.302569,-1.1413049,12.033236,-1.6850414,11.649343,-2.1762798,11.151232,-2.600862,10.544657,-2.946371,9.840689,-3.203194,9.055299,-3.3654528,8.20865,-3.4317307,7.324106,-3.4055588,6.42708,-3.2956066,5.5436964,-3.1155586,4.6994166,-2.883686,3.9176943,-2.6221209,3.2186983,-2.3558512,2.6182234,-2.1115353,2.1268437,-1.9161347,1.74933,-1.7955052,1.4844179,-1.772974,1.3248793,-1.8680233,1.2579558,-2.0951266,1.2660785,-2.4628332,1.3278702,-2.9731264,1.4193469,-3.621138,1.5152698,-4.395182,1.590551,-5.277182,1.6216514,-6.243387,1.5878729,-7.265444,1.4724858,-8.311661,1.2636145,-9.348468,0.9548479,-10.341995,0.5455179,-11.259622,0.04066673,-12.071498,-0.54933697,-12.751899,-1.2094662,-13.2803335,-1.9209564,-13.64242,-2.6624615,-13.830397,-3.411296,-13.843306,-4.144783
18,-33,17.214832,6.479712,16.84234,7.30194,16.313635,8.045519,15.651307,8.698523,14.880875,9.254057,14.029374,9.710407,13.123971,10.070916,12.190613,10.343507,11.252837,10.539979,10.330765,10.675045,9.440355,10.7652235,8.5929575,10.827626,7.795161,10.878729,7.0489492,10.933211,6.352156,11.002915,5.69915,11.096007,5.0817327,11.216393,4.4901514,11.363414,3.9141996,11.53184,3.34427,11.712203,2.7723534,11.891368,2.192866,12.0533905,1.6032803,12.180563,1.004501,12.254599,0.40096378,12.25787,-0.19953991,12.174633,-0.78632015,11.992167,-1.3464849,11.701747,-1.8658358,11.2993765,-2.3299034,10.786272,-2.7250621,10.169019,-3.0396333,9.459417,-3.2649224,8.674009,-3.3961082,7.8333154,-3.4329252,6.960829,-3.3800838,6.081803,-3.2473948,5.2219357,-3.049594,4.405983,-2.805836,3.6564398,-2.5389113,2.9923005,-2.2742147,2.4280286,-2.0384974,1.9727534,-1.8585014,1.6297761,-1.7595409,1.396397,-1.7640991,1.2640663,-1.8905373,1.2188823,-2.1519842,1.2423749,-2.5554786,1.3125495,-3.1013968,1.4051275,-3.7832417,1.4949135,-4.5877547,1.5572009,-5.495425,1.5691483,-6.4812675,1.5110415,-7.515949,1.3673737,-8.567115,1.1276568,-9.60086,0.7869744,-10.583336,0.34618556,-11.48228,-0.18819149,-12.268531,-0.80444163,-12.917324,-1.48636,-13.409367,-2.21425,-13.731636,-2.966121,-13.877822,-3.7189384,-13.848445,-4.449982
19,-32,17.212872,6.87504,16.78404,7.6789823,16.202967,8.397886,15.4932575,9.020874,14.681162,9.542219,13.79417,9.961447,12.859603,10.2831135,11.903297,10.516304,10.948438,10.67384,10.01459,10.771286,9.117021,10.825812,8.266291,10.854947,7.4681735,10.875365,6.723877,10.901731,6.030527,10.945673,5.381922,11.015002,4.7694445,11.113157,4.1831045,11.238964,3.6126382,11.3866825,3.0485518,11.546382,2.4831018,11.704573,1.9110845,11.845103,1.330423,11.950228,0.7424949,12.001812,0.15217577,11.982564,-0.43238437,11.877259,-1.0002676,11.673845,-1.5385227,11.364371,-2.033089,10.945682,-2.4698474,10.419841,-2.8357358,9.794221,-3.1198363,9.081306,-3.3143883,8.298153,-3.415634,7.4655895,-3.424444,6.607156,-3.3466854,5.7478943,-3.1932764,4.9130106,-2.979949,4.1265016,-2.7266777,3.40986,-2.4568439,2.780876,-2.196162,2.2526612,-1.9713976,1.832904,-1.8089898,1.5234505,-1.7336335,1.320202,-1.766895,1.2133367,-1.9259571,1.1878749,-2.222557,1.2245202,-2.662194,1.3007463,-3.2436256,1.3920693,-3.9587355,1.4734274,-4.7927217,1.520581,-5.7246776,1.511467,-6.728442,1.4274244,-7.773781,1.2542205,-8.82775,0.9827972,-9.856203,0.60975474,-10.825397,0.13747695,-11.703513,-0.42605838,-12.462156,-1.0678142,-13.077594,-1.7704631,-13.531786,-2.5134382,-13.813107,-3.274165,-13.916729,-4.0293345,-13.844652,-4.756264
20,-32,17.181711,7.2643113,16.69719,8.046876,16.06483,8.738222,15.309204,9.328581,14.457235,9.813442,13.536785,10.193593,12.575273,10.474835,11.598354,10.667405,10.628794,10.785138,9.685553,10.844433,8.7831545,10.863073,7.931339,10.85898,7.1350455,10.848988,6.3946757,10.847696,5.706658,10.8665,5.064216,10.912819,4.4583235,10.989603,3.8787663,11.095145,3.3152328,11.223186,2.7583582,11.363334,2.2006695,11.501751,1.6373465,11.622087,1.0667583,11.706568,0.49074322,11.737223,-0.08540094,11.697112,-0.65319157,11.571533,-1.201513,11.349097,-1.7173886,11.022622,-2.1869297,10.589772,-2.5964003,10.053425,-2.933329,9.421709,-3.1875815,8.707739,-3.3523412,7.929032,-3.4249117,7.1066556,-3.4072883,6.264147,-3.3064668,5.4262657,-3.1344347,4.617671,-2.9078593,3.8615496,-2.647474,3.1783504,-2.3771818,2.584639,-2.1229289,2.0921535,-1.9114168,1.7071548,-1.7687008,1.4300526,-1.7187805,1.2553877,-1.782236,1.172121,-1.9750141,1.1642629,-2.3074253,1.2117689,-2.783401,1.2916679,-3.4000747,1.3793612,-4.147725,1.4500079,-5.0100384,1.4799216,-5.964761,1.4478961,-6.9846187,1.3363898,-8.038549,1.1324892,-9.09311,0.828606,-10.113988,0.42287278,-11.067642,-0.080808274,-11.922787,-0.6730211,-12.65186,-1.3394352,-13.232235,-2.0616612,-13.647171,-2.8183243,-13.886484,-3.5863316,-13.946843,-4.342174,-13.831737,-5.063292
21,-32,17.121374,7.6459365,16.582024,8.404075,15.899677,9.065055,15.099795,9.62027,14.209908,10.066475,13.258195,10.4057455,12.272086,10.645132,11.276993,10.796025,10.2952,10.873263,9.345011,10.8940525,8.440153,10.876758,7.589518,10.839651,6.7971807,10.799687,6.062736,10.771371,5.3819017,10.765816,4.7473354,10.790024,4.1496115,10.846435,3.5783024,10.932793,3.0230646,11.042309,2.4746735,11.164129,1.925937,11.284075,1.3724184,11.385597,0.8129306,11.45092,0.24976051,11.462238,-0.3113899,11.402972,-0.86173,11.25895,-1.3899754,11.019439,-1.8831563,10.678019,-2.327588,10.233148,-2.709949,9.688494,-3.0183833,9.052894,-3.243558,8.340049,-3.3796082,7.5678797,-3.4248931,6.7576327,-3.3825195,5.9327793,-3.2605803,5.117743,-3.0720844,4.336576,-2.8345857,3.6116104,-2.5695055,2.962217,-2.301189,2.4037082,-2.055741,1.9464498,-1.8597155,1.5952795,-1.7387028,1.3491993,-1.7159324,1.2014314,-1.8109367,1.1397791,-2.0383775,1.147314,-2.4070957,1.203323,-2.9194412,1.2844793,-3.5709236,1.366158,-4.3502336,1.4238304,-5.239579,1.4344448,-6.2154164,1.3777264,-7.249425,1.237313,-8.309792,1.0016618,-9.362656,0.66467893,-10.373641,0.2260397,-11.309483,-0.30883873,-12.139513,-0.9291265,-12.837088,-1.6192499,-13.380738,-2.359804,-13.755081,-3.128671,-13.9514,-3.9023206,-13.967887,-4.657123,-13.8095045,-5.3707066
22,-32,17.03201,8.018339,16.438923,8.749065,15.708082,9.376961,14.865791,9.894635,13.940118,10.300146,12.959473,10.596878,11.95124,10.793147,10.940507,10.901488,9.949023,10.937724,8.99437,10.919833,8.089451,10.866735,7.242264,10.797009,6.456004,10.727686,5.7294474,10.673136,5.057599,10.644156,4.4325566,10.647299,3.8445091,10.684469,3.282828,10.752846,2.7371545,10.845099,2.198416,10.949918,1.6597091,11.05278,1.1169859,11.136961,0.5694971,11.18467,0.01996923,11.178298,-0.52550995,11.10163,-1.057865,10.941016,-1.5656718,10.686392,-2.0359967,10.332071,-2.455392,9.877299,-2.8109748,9.326488,-3.0915287,8.689149,-3.2885368,7.9795184,-3.3970892,7.2158666,-3.4165998,6.4195666,-3.3512583,5.6139555,-3.210223,4.8230667,-3.0074809,4.070295,-2.76141,3.3770726,-2.4940543,2.7616634,-2.230122,2.2381043,-1.9958035,1.8153952,-1.8174173,1.4969571,-1.7200152,1.280419,-1.7259856,1.1577319,-1.8537533,1.1156027,-2.1166458,1.1362368,-2.5220046,1.1983373,-3.0705855,1.278309,-3.7562776,1.3515917,-4.566207,1.3940556,-5.4811473,1.3833662,-6.4763203,1.3002504,-7.522427,1.1295835,-8.58699,0.86123633,-9.635816,0.49063265,-10.634546,0.018997394,-11.550293,-0.54674983,-12.353083,-1.1943955,-13.01726,-1.907168,-13.522582,-2.6647067,-13.85506,-3.4442198,-14.007482,-4.2218146,-13.979562,-4.9738154,-13.777758,-5.6781225
23,-31,16.913904,8.379973,16.268381,9.080379,15.4907465,9.672574,14.608074,10.15044,13.648896,10.513365,12.641791,10.766071,11.614008,10.918135,10.590257,10.983232,9.591678,10.97814,8.635085,10.921585,7.7325077,10.832998,6.891026,10.731223,6.112935,10.633323,5.3961816,10.553493,4.73506,10.502172,4.121117,10.485435,3.5441668,10.504622,2.9933996,10.556336,2.4584541,10.632699,1.9304237,10.7219305,1.4027047,10.809183,0.87163985,10.877551,0.33691666,10.909262,-0.19831084,10.886887,-0.7275851,10.794591,-1.2415695,10.61926,-1.7287256,10.351473,-2.1761863,9.986281,-2.5707667,9.523677,-2.9000514,8.968798,-3.153483,8.331787,-3.3233697,7.627363,-3.4057615,6.874095,-3.4011092,6.093416,-3.314669,5.308483,-3.1566274,4.54288,-2.941897,3.8192954,-2.6896229,3.1582234,-2.4224007,2.5767937,-2.1652272,2.0877569,-1.9442937,1.6987427,-1.7856107,1.411782,-1.7136127,1.2231627,-1.749782,1.1236178,-1.9113762,1.0988207,-2.2103486,1.130189,-2.652516,1.1959263,-3.2370281,1.2722569,-3.9561663,1.3347753,-4.7955203,1.3598372,-5.7344756,1.3259044,-6.7470794,1.2147727,-7.8031325,1.01261,-8.869571,0.71073705,-9.911958,0.30611596,-10.89605,-0.19847824,-11.789414,-0.7946409,-12.562857,-1.4688092,-13.191781,-2.2030642,-13.657226,-2.9761503,-13.946641,-3.7646754,-14.054346,-4.544461,-13.981588,-5.2918663,-13.736292,-5.9851346
24,-31,16.767485,8.729335,16.07103,9.3966,15.248488,9.950597,14.327632,10.386528,13.337384,10.705139,12.306407,10.912501,11.261752,11.01946,10.227667,11.040808,9.22463,10.994257,8.268638,10.899245,7.3708024,10.775665,6.5372605,10.6425905,5.7693872,10.517063,5.064291,10.41306,4.4155645,10.340631,3.8142087,10.305326,3.249681,10.307914,2.7110066,10.344389,2.1878395,10.406322,1.6714538,10.481473,1.1555539,10.554654,0.63687974,10.608806,0.11555076,10.626159,-0.4048594,10.589502,-0.9175409,10.483377,-1.4129162,10.295193,-1.87936,10.016186,-2.3040972,9.642113,-2.6742344,9.173703,-2.9778438,8.616775,-3.205045,7.9820676,-3.3489819,7.284733,-3.4066606,6.5435805,-3.3795538,5.7800593,-3.2739618,5.0170827,-3.1010551,4.277731,-2.8766246,3.583947,-2.6205196,2.9552515,-2.355812,2.4076104,-2.107722,1.9524906,-1.9023521,1.5961509,-1.7653326,1.3392576,-1.7204094,1.1767992,-1.788093,1.0983446,-1.984422,1.0886017,-2.319934,1.1282773,-2.7989056,1.1951641,-3.4188757,1.2653941,-4.170529,1.3148046,-5.0379596,1.3203229,-5.999213,1.2612826,-7.0272255,1.1206126,-8.090973,0.88582265,-9.156896,0.5497177,-10.190398,0.11081178,-11.157444,-0.42657351,-12.026142,-1.0525708,-12.768165,-1.7523082,-13.360025,-2.506771,-13.78411,-3.2938771,-14.02935,-4.0897074,-14.091605,-4.8698754,-13.97366,-5.6108546,-13.684904,-6.2913103
25,-31,16.593296,9.06496,15.847623,9.696372,14.982248,10.209811,14.025563,10.601829,13.006812,10.874569,11.954663,11.03546,10.895889,11.0966015,9.854213,11.07389,8.849387,10.985944,7.8965406,10.85287,7.0058312,10.694984,6.18242,10.5315275,5.426753,10.379491,4.735099,10.252576,4.100348,10.160403,3.5129724,10.107979,2.9620855,10.095453,2.4365683,10.118216,1.9261082,10.167269,1.4221758,10.229908,0.9187952,10.290623,0.41310635,10.33219,-0.09433932,10.336874,-0.59955907,10.287674,-1.0954051,10.169511,-1.5720811,9.970334,-2.017898,9.682014,-2.4201996,9.301009,-2.7664056,8.828749,-3.0451002,8.271711,-3.2470918,7.64118,-3.3663654,6.9526978,-3.400878,6.225263,-3.3531134,5.4802833,-3.2303782,4.740374,-3.0447915,4.0280695,-2.8129644,3.3645196,-2.5553896,2.7682426,-2.295547,2.2540255,-2.058793,1.8320373,-1.8710808,1.5071912,-1.7575746,1.27881,-1.7412622,1.1406268,-1.8416213,1.081104,-2.073427,1.0840583,-2.4457724,1.1295671,-2.9613657,1.1950936,-3.6161456,1.2567707,-4.3992257,1.290768,-5.293231,1.2746624,-6.274926,1.1887347,-7.316209,1.0171081,-8.385312,0.74867976,-9.448257,0.3777653,-10.470395,-0.095558345,-11.417979,-0.66543305,-12.259744,-1.3205558,-12.968295,-2.044788,-13.52135,-2.8180804,-13.902668,-3.6175897,-14.102698,-4.418947,-14.118862,-5.197639,-13.95549,-5.930336,-13.6234045,-6.5961986
26,-31,16.39202,9.385446,15.5990305,9.978416,14.693066,10.4490795,13.703064,10.795377,12.658498,11.020868,11.587967,11.134343,10.517896,11.149153,9.471413,11.082276,8.467483,10.953196,7.520315,10.782649,6.6390796,10.591321,5.827942,10.3985815,5.0864015,10.221305,4.4098854,10.072886,3.7905953,9.96247,3.2184815,9.894483,2.6823413,9.868442,2.1709208,9.879102,1.6739691,9.9169,1.1831667,9.968658,0.6928673,10.018553,0.2006208,10.049207,-0.29259628,10.042925,-0.7823964,9.982921,-1.261309,9.854512,-1.7193421,9.646175,-2.1447604,9.35041,-2.5250554,8.96436,-2.8479793,8.490134,-3.1026473,7.9348307,-3.2805696,7.310239,-3.376573,6.6322465,-3.3895602,5.919988,-3.3230026,5.194774,-3.185186,4.478876,-2.9891286,3.7942364,-2.752213,3.1611748,-2.4955053,2.5971744,-2.2428267,2.1158395,-2.0195932,1.7260349,-1.851528,1.4313432,-1.7632598,1.2297786,-1.7769523,1.1138672,-1.9109939,1.0710273,-2.1788511,1.0842556,-2.5881426,1.1330829,-3.1400037,1.1947323,-3.8287756,1.2454256,-4.642025,1.2617493,-5.560957,1.2220134,-6.5611115,1.1075138,-7.6134205,0.9036254,-8.685454,0.600673,-9.74291,0.19450668,-10.751168,-0.31322986,-11.676867,-0.9151559,-12.4894495,-1.5985647,-13.162538,-2.3461003,-13.675094,-3.136738,-14.012319,-3.9469485,-14.166196,-4.751989,-14.135731,-5.5273023,-13.92678,-6.249832,-13.551589,-6.899314
27,-31,16.16445,9.68945,15.3262415,10.241527,14.382093,10.667352,13.361415,10.966296,12.293835,11.143352,11.2078,11.208671,10.129308,11.17684,9.080823,11.06589,8.080469,10.896134,7.1414895,10.688891,6.2720294,10.465171,5.47524,10.244411,4.749664,10.043326,4.089888,9.8749485,3.487433,9.747913,2.9317484,9.666029,2.4113307,9.628158,1.9148202,9.628406,1.4320424,9.6566305,0.95490766,9.699193,0.47811326,9.739947,-0.00037861205,9.761381,-0.4791627,9.74584,-0.953458,9.67677,-1.4154857,9.539885,-1.8550714,9.32418,-2.2604628,9.022789,-2.6193137,8.633511,-2.9197361,8.159118,-3.1513877,7.60729,-3.3064895,6.9902816,-3.3807132,6.3242803,-3.3738933,5.6285048,-3.2904692,4.924122,-3.1396697,4.23301,-2.9353693,3.5764744,-2.6956615,2.9739728,-2.442124,2.441934,-2.1988401,1.9927573,-1.9912239,1.6340258,-1.844681,1.3679978,-1.7832439,1.1914257,-1.8281841,1.0956749,-1.9967506,1.0671859,-2.3010602,1.0882109,-2.747234,1.1378168,-3.3348303,1.1930758,-4.0566053,1.2303858,-4.8986096,1.2268363,-5.840677,1.1615468,-6.8571835,1.0168954,-7.9181724,0.77956086,-8.990638,0.44133192,-10.040041,-0.0003886624,-11.031886,-0.5423915,-11.93328,-1.1757925,-12.714465,-1.8865181,-13.350142,-2.6560464,-13.820584,-3.4624445,-14.112469,-4.281569,-14.219349,-5.0883856,-14.14181,-5.8583736,-13.887243,-6.5688357,-13.469273,-7.20015
28,-31,15.911502,9.975709,15.030339,10.484584,14.050566,10.863679,13.001981,11.113825,11.914286,11.241454,10.81569,11.258082,9.7316885,11.179506,8.68402,11.024781,7.6899095,10.81501,6.7615843,10.572038,5.9061437,10.317149,5.1256957,10.069796,4.417824,9.846477,3.7762823,9.659821,3.191918,9.5179,2.6537027,9.423885,2.149853,9.37595,1.6689277,9.367543,1.2008504,9.387936,0.7377793,9.4230175,0.2747699,9.456338,-0.1897975,9.470248,-0.6540891,9.447156,-1.1129375,9.370737,-1.5582672,9.227099,-1.9797428,9.005779,-2.3656106,8.700509,-2.7037117,8.309747,-2.9825325,7.836885,-3.1922894,7.290162,-3.3259199,6.682255,-3.379938,6.0296016,-3.3550978,5.3514624,-3.2567816,4.668811,-3.0951233,4.0030847,-2.8848078,3.374915,-2.6445808,2.8028662,-2.396465,2.3022947,-2.1647394,1.8843919,-1.9747324,1.5554606,-1.851472,1.3164712,-1.8183154,1.1629448,-1.8955888,1.0851464,-2.0993497,1.0686046,-2.4403343,1.0949055,-2.9231465,1.1427366,-3.545768,1.1891071,-4.2993865,1.2106782,-5.168573,1.1851254,-6.131842,1.0924526,-7.162478,0.91618323,-8.229711,0.6443474,-9.300037,0.27022904,-10.338787,-0.2072035,-11.311673,-0.78318095,-12.1863575,-1.4473403,-12.933969,-2.1842835,-13.530344,-2.9743779,-13.957134,-3.7948506,-14.202529,-4.621023,-14.261668,-5.4276514,-14.136725,-6.1903343,-13.836602,-6.88681,-13.376282,-7.498177
29,-31,15.634203,10.243038,14.712519,10.706565,13.6998205,11.037219,12.62621,11.237315,11.521374,11.3147335,10.413212,11.28234,9.326637,11.157126,8.2825985,10.959132,7.2973604,10.710197,6.382108,10.432651,5.5428495,10.147991,4.7806463,9.875626,4.0921125,9.631791,3.4701793,9.428653,2.9050345,9.273695,2.3851933,9.1694,1.8986182,9.113241,1.4338088,9.097988,0.98081493,9.112319,0.5320588,9.141664,0.08297068,9.169263,-0.36764714,9.177349,-0.8175274,9.148386,-1.2611266,9.066302,-1.690086,8.917604,-2.0939193,8.692352,-2.460898,8.384881,-2.7790632,7.9942813,-3.0372975,7.524547,-3.226384,6.9844356,-3.33998,6.387013,-3.375441,5.7489204,-3.3344223,5.0894117,-3.2232234,4.429219,-3.052843,3.7893052,-2.838728,3.189585,-2.6002183,2.647705,-2.3597116,2.1779325,-2.1416187,1.7902552,-1.9711039,1.4897038,-1.8727514,1.275993,-1.8691752,1.1434565,-1.9797006,1.0813159,-2.219153,1.074259,-2.596853,1.1032846,-3.1158764,1.1467866,-3.7726374,1.1817986,-4.556774,1.1853317,-5.451419,1.1357285,-6.4338255,1.0139472,-7.4762564,0.80471426,-8.547205,0.49745792,-9.61277,0.08698462,-10.638234,-0.42617106,-11.58961,-1.0356843,-12.435207,-1.7297417,-13.147108,-2.4916723,-13.702369,-3.3007956,-14.084054,-4.1335583,-14.281902,-4.964837,-14.292663,-5.769261,-14.120094,-6.5226264,-13.774585,-7.2031846,-13.272447,-7.7928343
30,-31,15.333683,10.490337,14.374066,10.906544,13.331266,11.187239,12.235605,11.336234,11.116673,11.362865,10.001975,11.281336,8.915772,11.109803,7.8781524,10.869244,6.9043784,10.582197,6.0045443,10.271416,5.1835446,9.958547,4.4413805,9.662903,3.7737021,9.400399,3.1726198,9.182692,2.6276867,9.016632,2.1269822,8.903987,1.6582407,8.841499,1.209934,8.821255,0.7722576,8.831328,0.3379222,8.8566885,-0.09725575,8.880279,-0.5340399,8.884216,-0.96973336,8.851041,-1.3984187,8.764932,-1.8114648,8.612801,-2.1982546,8.385228,-2.5470982,8.077148,-2.8462574,7.6882586,-3.0850215,7.223132,-3.2547529,6.6910143,-3.3498325,6.1053143,-3.3684447,5.4828386,-3.3131318,4.8427906,-3.1910794,4.205619,-3.0141134,3.5917654,-2.7983897,3.0204027,-2.5637817,2.5082333,-2.333004,2.0684292,-2.1305168,1.7097696,-1.9812577,1.4360381,-1.9092938,1.2457225,-1.9364411,1.1320201,-2.080968,1.0831693,-2.3564248,1.083088,-2.7706985,1.1122701,-3.3253298,1.1489017,-4.015164,1.1701256,-4.8283305,1.1533896,-5.746564,1.0777799,-6.7459173,0.9252787,-7.7977014,0.6818706,-8.869764,0.33841854,-9.9279,-0.10872844,-10.937421,-0.6574608,-11.864745,-1.2999213,-12.678911,-2.0228813,-13.353027,-2.8084412,-13.865429,-3.6349354,-14.20065,-4.4781184,-14.350003,-5.3124895,-14.311857,-6.112638,-14.091552,-6.8546467,-13.700939,-7.5173593,-13.157622,-8.083539
31,-31,15.011165,10.716607,14.016346,11.083705,12.94638,11.313115,11.83173,11.41017,10.7017975,11.385655,9.583613,11.25509,8.500717,11.037764,7.4722743,10.755554,6.512492,10.431638,5.6303344,10.08913,4.8295717,9.749776,4.109126,9.43273,3.4636872,9.153523,2.8845637,8.9232645,2.3606873,8.748119,1.8797344,8.629117,1.4292358,8.562246,0.9976668,8.538888,0.575393,8.54652,0.15543501,8.569649,-0.2659863,8.590924,-0.68919605,8.592362,-1.1110619,8.556587,-1.525301,8.468038,-1.9230212,8.314033,-2.2934856,8.085673,-2.6250625,7.778476,-2.906248,7.392736,-3.126754,6.933575,-3.2785268,6.4106956,-3.3566728,5.837814,-3.3601954,5.2318544,-3.2925014,4.6119337,-3.1616337,3.9981706,-2.9802048,3.4104543,-2.765025,2.8671806,-2.536443,2.3840961,-2.3174217,1.9732649,-2.1324034,1.642267,-2.0060332,1.3936641,-1.9617925,1.2247505,-2.0206401,1.1276371,-2.199741,1.0896457,-2.5113354,1.0939986,-2.9618564,1.1207639,-3.5513067,1.1480064,-4.2729826,1.1530681,-5.1135287,1.1139109,-6.0533404,1.0104415,-7.06733,0.82573164,-8.125936,0.5470759,-9.196447,0.16680227,-10.244436,-0.31718287,-11.235353,-0.9011903,-12.136101,-1.5758592,-12.916528,-2.3265853,-13.550849,-3.1342897,-14.018737,-3.9763901,-14.306228,-4.828032,-14.406245,-5.663417,-14.318782,-6.4571743,-14.050745,-7.1857667,-13.615427,-7.828709,-13.03167,-8.369684
32,-31,14.667973,10.92095,13.640804,11.237338,12.54671,11.414347,11.416197,11.458837,10.278396,11.383033,9.159784,11.203752,8.083103,10.94137,7.0665407,10.618623,6.123201,10.259263,5.2608876,9.886713,4.4822216,9.522749,3.7850451,9.186304,3.1630936,8.892478,2.606885,8.651771,2.1047623,8.469637,1.6440187,8.346319,1.2120188,8.2770405,0.7972675,8.252468,0.39033067,8.259474,-0.015438855,8.282107,-0.42340246,8.302734,-0.8334335,8.303282,-1.2419667,8.266464,-1.6423547,8.176989,-2.025455,8.022591,-2.3804278,7.7948837,-2.6957104,7.4899583,-2.9600513,7.108688,-3.163594,6.6567225,-3.2988753,6.1441846,-3.361723,5.585061,-3.3519511,4.9963613,-3.2738066,4.3970633,-3.1361585,3.8069263,-2.952359,3.2452486,-2.7398257,2.7296295,-2.5193193,2.2748382,-2.3139825,1.891829,-2.1481805,1.5870006,-2.046192,1.3617115,-2.030848,1.2121032,-2.1222026,1.1292598,-2.336268,1.0996474,-2.6839473,1.1058704,-3.1702042,1.1276549,-3.793504,1.1430287,-4.5456142,1.1296163,-5.4117403,1.0659782,-6.370981,0.9329117,-7.397185,0.71463776,-8.459995,0.39980564,-9.52623,-0.017759603,-10.561332,-0.53858256,-11.530982,-1.1574098,-12.402653,-1.8633964,-13.147095,-2.6406066,-13.739684,-3.4688458,-14.161491,-4.3246865,-14.400102,-5.1827383,-14.450061,-6.0169954,-14.312991,-6.802219,-13.997349,-7.515322,-13.517832,-8.136567,-12.894488,-8.650637
33,-31,14.305498,11.102568,13.248954,11.366849,12.133851,11.490556,10.990651,11.482074,9.848133,11.35506,8.732139,11.127594,7.664546,10.821108,6.662502,10.459128,5.7379665,10.065935,4.8975534,9.66519,4.1427193,9.278632,3.4702232,8.924917,2.872856,8.618651,2.3403676,8.369684,1.8605332,8.182704,1.4203004,8.057157,1.0068967,7.987468,0.6088891,7.9635835,0.21707238,7.9717655,-0.17484468,7.99561,-0.56978923,8.01722,-0.9671726,8.018423,-1.3629954,7.9820576,-1.7502494,7.8930974,-2.1195498,7.7396913,-2.4599686,7.5139737,-2.7600257,7.212596,-3.008736,6.836993,-3.1966815,6.393315,-3.3169963,5.8920765,-3.3662238,5.3474984,-3.3449743,4.7766356,-3.2583137,4.19829,-3.1159027,3.631828,-2.9317865,3.0959215,-2.7239377,2.6073546,-2.5134692,2.1799073,-2.32364,1.8234266,-2.1786683,1.5431414,-2.1023986,1.3392354,-2.1169693,1.2067525,-2.2414591,1.1357939,-2.490698,1.1120452,-2.8742237,1.1175673,-3.3955202,1.1318283,-4.0515237,1.132904,-4.8325014,1.098785,-5.7222548,1.0087073,-6.6986537,0.844429,-7.7345457,0.5913758,-8.798866,0.23959303,-9.858053,-0.21557342,-10.87751,-0.7730739,-11.823238,-1.4261041,-12.663375,-2.162367,-13.3696375,-2.9646432,-13.918643,-3.8116868,-14.29291,-4.6792984,-14.481597,-5.5416346,-14.480896,-6.3725686,-14.29405,-7.1470776,-13.931051,-7.842611,-13.407968,-8.440252,-12.745987,-8.925742
34,-31,13.925216,11.260785,12.842364,11.471768,11.709438,11.541485,10.556768,11.479848,9.412688,11.301925,8.30233,11.027024,7.2466397,10.677584,6.2616715,10.277874,5.358199,9.852629,4.5416207,9.425687,3.8122149,9.018686,3.1656632,8.649942,2.5938213,8.333505,2.085695,8.078526,1.6285241,7.8888984,1.2089391,7.763227,0.81406933,7.695133,0.4325759,7.673824,0.05551283,7.684959,-0.32303149,7.7116885,-0.7055323,7.735846,-1.0909299,7.739201,-1.4747856,7.7046967,-1.8497361,7.6176,-2.2061636,7.466479,-2.5330615,7.243975,-2.819048,6.9473,-3.053414,6.578429,-3.2271907,6.1439905,-3.3341084,5.6548576,-3.3714235,5.1254563,-3.3405244,4.5728436,-3.247274,4.015617,-3.1020827,3.4727054,-2.919653,2.9621398,-2.718449,2.4998615,-2.5198815,2.098657,-2.347265,1.7672738,-2.2245948,1.5097829,-2.1752381,1.3252381,-2.220561,1.2076172,-2.3786345,1.1461079,-2.6630683,1.1256832,-3.0820165,1.1279411,-3.637473,1.1321707,-4.3248606,1.1165816,-5.132981,1.0596138,-6.04427,0.94125116,-7.0354314,0.74427915,-8.078396,0.45538047,-9.141473,0.066032566,-10.1908,-0.42687953,-11.191845,-1.0207316,-12.111023,-1.7071877,-12.917209,-2.472535,-13.583176,-3.2983234,-14.086842,-4.162323,-14.4122095,-5.0396414,-14.550051,-5.904061,-14.498211,-6.729427,-14.261554,-7.4910192,-13.851571,-8.1669,-13.285662,-8.739049,-12.586112,-9.194329
35,-31,13.528662,11.395034,12.422656,11.5517435,11.275148,11.567008,10.11624,11.452258,8.973742,11.223943,7.871995,10.902573,6.8309526,10.511531,5.865524,10.075773,4.9852552,9.620427,4.194311,9.169433,3.4917846,8.744265,2.87228,8.362823,2.3267415,8.038563,1.8434523,7.7798777,1.4091506,7.589826,1.0101873,7.466153,0.63362813,7.401647,0.268265,7.3847857,-0.09455934,7.400612,-0.4603513,7.431841,-0.8311164,7.4600544,-1.205313,7.466967,-1.578062,7.435654,-1.9416456,7.35167,-2.286223,7.204013,-2.6007204,6.9858317,-2.8738656,6.6948857,-3.095237,6.333674,-3.2563202,5.909279,-3.3514447,5.4329085,-3.37857,4.9191523,-3.3398478,4.3850417,-3.2419095,3.8489308,-3.0958805,3.3292851,-2.9170704,2.843466,-2.724389,2.4065616,-2.539479,2.030358,-2.3856447,1.7225097,-2.2866094,1.4859601,-2.2651858,1.3186584,-2.3419254,1.2135731,-2.5338519,1.1590425,-2.853316,1.1393937,-3.307069,1.1358398,-3.895627,1.1275786,-4.6129136,1.0930352,-5.446287,1.011175,-6.376889,0.8628064,-7.3803167,0.6318017,-8.427651,0.30614752,-9.486665,-0.121214874,-10.5233,-0.6518476,-11.503174,-1.2815577,-12.393201,-2.0005014,-13.163084,-2.7935915,-13.786723,-3.6412063,-14.24339,-4.5202007,-14.51862,-5.405067,-14.604823,-6.269307,-14.5015,-7.0868187,-14.215123,-7.8332715,-13.7586565,-8.487424,-13.150788,-9.032223,-12.414836,-9.455708
36,-31,13.117418,11.504867,11.991487,11.606551,10.832671,11.567123,9.670763,11.399525,8.53296,11.121562,7.4427466,10.75489,6.419011,10.3238,5.475474,9.853855,4.6204224,9.370513,3.8567655,8.897742,3.1824107,8.456787,2.590893,8.065077,2.072265,7.7353983,1.6141168,7.4753532,1.2027209,7.28712,0.8241868,7.167565,0.46555436,7.1086283,0.11578472,7.098038,-0.2334612,7.1202426,-0.587256,7.1575203,-0.947121,7.191222,-1.3110182,7.203014,-1.6736276,7.176117,-2.026879,7.0963902,-2.3607147,6.9532595,-2.664009,6.7403865,-2.9256058,6.4560604,-3.135384,6.103294,-3.2852862,5.689602,-3.3702412,5.2264924,-3.3889048,4.7286935,-3.3441687,4.213175,-3.2434096,3.6980145,-3.0984285,3.2011888,-2.9250984,2.7393684,-2.7427142,2.326775,-2.573098,1.974196,-2.4394803,1.688202,-2.3652523,1.4706386,-2.3726141,1.3183866,-2.481263,1.2234637,-2.7071202,1.1734135,-3.0612602,1.1519955,-3.5490234,1.1401182,-4.169447,1.1169682,-4.914979,1.0612674,-5.771581,0.95258546,-6.7191453,0.77262264,-7.7322335,0.50639576,-8.781165,0.14323881,-9.833263,-0.3224172,-10.854359,-0.8905738,-11.810317,-1.5554801,-12.668636,-2.3058133,-13.399936,-3.1251593,-13.979302,-3.9927847,-14.387416,-4.884702,-14.611394,-5.774875,-14.645298,-6.63661,-14.490283,-7.4439473,-14.154411,-8.173029,-13.652095,-8.803392,-13.003249,-9.319015,-12.232164,-9.709171
37,-31,12.693128,11.589963,11.550548,11.636089,10.38372,11.541959,9.222034,11.3220005,8.091998,10.995345,7.0161614,10.584753,6.0122933,10.115348,5.0928793,9.613248,4.2649174,9.10416,3.530048,8.612019,2.8849885,8.157758,2.3222246,7.758273,1.830938,7.425636,1.3980594,7.1665974,1.009434,6.9824367,0.65096897,6.8690963,0.3097219,6.8176703,-0.025142604,6.8151355,-0.36160964,6.845339,-0.70429546,6.890144,-1.054214,6.9306703,-1.4088253,6.9485674,-1.7623599,6.927205,-2.1064017,6.852763,-2.4306836,6.715101,-2.7240336,6.5083814,-2.9754279,6.231429,-3.1750507,5.887748,-3.315309,5.4852643,-3.3917272,5.0357614,-3.4036438,4.554071,-3.3546784,4.057073,-3.2529173,3.5625396,-3.110803,3.0879335,-2.94472,2.6492155,-2.7743003,2.2597322,-2.6214867,1.929277,-2.5093772,1.6633537,-2.460966,1.4627326,-2.4977973,1.3232762,-2.6386547,1.236099,-2.898336,1.1880219,-3.2866127,1.1623089,-3.807407,1.1396422,-4.4582863,1.0992782,-5.230254,1.0203174,-6.1079183,0.88300747,-7.0699778,0.67000496,-8.090038,0.36752528,-9.137733,-0.033712693,-10.180026,-0.53776723,-11.1827345,-1.1430765,-12.112056,-1.8423475,-12.93617,-2.6228135,-13.626681,-3.4667838,-14.159933,-4.35248,-14.51807,-5.2551494,-14.689811,-6.14831,-14.670886,-7.0051594,-14.464111,-7.799973,-14.079111,-8.509452,-13.531701,-9.113985,-12.842978,-9.598646,-12.038141,-9.954001
38,-31,12.257461,11.650122,11.101544,11.640384,9.930004,11.491767,8.771737,11.220162,7.652478,10.845987,6.593774,10.393048,5.6122217,9.887247,4.719025,9.35518,3.9198723,8.822734,3.2151237,8.313733,2.6003132,7.8487353,2.0668905,7.4440336,1.6031957,7.110926,1.1955388,6.85528,0.8293746,6.677425,0.4904549,6.572377,0.16589426,6.530356,-0.15489924,6.537591,-0.4795232,6.577338,-0.8121108,6.6310525,-1.1531512,6.6796517,-1.499589,6.7047653,-1.8452048,6.6899443,-2.181237,6.62169,-2.4972165,6.4903007,-2.7819378,6.290454,-3.0245154,6.021486,-3.2154484,5.687384,-3.3476107,5.296461,-3.417118,4.860752,-3.4239838,4.3951664,-3.3725302,3.916461,-3.2715263,3.4420767,-3.1340175,2.9889417,-2.9768512,2.5722883,-2.8199458,2.2045865,-2.6853032,1.8946387,-2.5958376,1.6469048,-2.5740876,1.4611093,-2.6408908,1.3321425,-2.8140783,1.250273,-3.1072905,1.2016654,-3.528979,1.1691622,-4.0816464,1.1332992,-4.7614093,1.0734838,-5.557853,0.9692714,-6.454281,0.8016594,-7.428268,0.55432343,-8.452529,0.2147249,-9.496104,-0.22499868,-10.525684,-0.7673792,-11.507168,-1.4092948,-12.407177,-2.1419313,-13.194652,-2.951117,-13.842262,-3.8179412,-14.327663,-4.719646,-14.634518,-5.6307983,-14.753174,-6.5245557,-14.68104,-7.3740973,-14.422579,-8.154021,-13.988953,-8.84167,-13.397339,-9.418358,-12.669958,-9.870325,-11.832846,-10.1894655
39,-31,11.812108,11.685264,10.646194,11.61959,9.4732275,11.416925,8.321529,11.094608,7.2159834,10.674293,6.177066,10.180777,5.220147,9.640667,4.35512,9.080973,3.5863338,8.527679,2.9128659,8.004429,2.3290732,7.5313296,1.8253975,7.1240144,1.3893638,6.7929506,1.0066996,6.543074,0.66251755,6.37374,0.34245393,6.279008,0.033728957,6.2482285,-0.27396968,6.266875,-0.5878159,6.317624,-0.91143286,6.3815374,-1.2447673,6.4393377,-1.5842367,6.47267,-1.9231684,6.4652677,-2.252458,6.403973,-2.5614424,6.2795343,-2.8388906,6.0871286,-3.0740643,5.8266087,-3.2577865,5.50243,-3.3833992,5.1232696,-3.4476063,4.70139,-3.4510796,4.2517486,-3.3988276,3.7909546,-3.3002698,3.3360934,-3.169011,2.903537,-3.0223227,2.5077803,-2.880353,2.160413,-2.7651107,1.8692571,-2.6992629,1.6377457,-2.7048461,1.4645976,-2.8019435,1.3437763,-3.007397,1.2647669,-3.3336554,1.2131401,-3.7878466,1.1713961,-4.371058,1.1200033,-5.07797,1.0385975,-5.8967853,0.90726376,-6.809562,0.7078196,-7.7928095,0.42501557,-8.818432,0.047603995,-9.854964,-0.43083102,-10.86892,-1.011285,-11.826363,-1.6890832,-12.694432,-2.4539182,-13.442917,-3.2902577,-14.045613,-4.178029,-14.481554,-5.0935698,-14.735954,-6.010846,-14.80082,-6.9027457,-14.675243,-7.7425194,-14.365317,-8.505175,-13.883713,-9.16878,-13.248918,-9.7156515,-12.48421,-10.133243,-11.616403,-10.414834
40,-31,11.358784,11.695442,10.1862135,11.573981,9.01508,11.317941,7.8730407,10.94606,6.784052,10.481182,5.767458,9.949038,4.8373556,9.376874,4.002288,8.792027,3.2652543,8.220513,2.6240456,7.685706,2.0718572,7.207203,1.5981432,6.799905,1.1896545,6.4734035,0.83157694,6.231657,0.508725,6.073019,0.20667024,5.990578,-0.0872202,5.972796,-0.38293448,6.0044107,-0.6871903,6.0675173,-1.0030739,6.1428027,-1.3299692,6.210823,-1.6637574,6.253245,-1.9973085,6.254011,-2.3211794,6.200316,-2.624517,6.083355,-2.8960764,5.8988194,-3.1252782,5.647068,-3.3032691,5.3330026,-3.423865,4.9656544,-3.4843502,4.557486,-3.4860446,4.123479,-3.4346194,3.680071,-3.3401113,3.2439642,-3.2166502,2.830961,-3.0818787,2.4548085,-2.956131,2.1262205,-2.8613605,1.8520449,-2.8199391,1.6347189,-2.8533578,1.4719949,-2.9808893,1.3569535,-3.2183523,1.2783555,-3.5769968,1.2212547,-4.0626054,1.1678784,-4.674858,1.0987059,-5.4070277,0.9936796,-6.2459846,0.8334894,-7.1725783,0.6008335,-8.162336,0.28159383,-9.186433,-0.13414794,-10.212977,-0.65133846,-11.208398,-1.2694315,-12.139019,-1.9822135,-12.97259,-2.7779155,-13.6798115,-3.6396916,-14.235693,-4.546373,-14.620693,-5.47347,-14.821613,-6.3944316,-14.832133,-7.2819624,-14.65303,-8.109481,-14.292009,-8.8524885,-13.763213,-9.4898615,-13.086385,-10.004981,-12.285809,-10.386586,-11.388982,-10.629369
41,-32,10.899205,11.680827,9.723309,11.503962,8.557222,11.195435,7.427855,10.77535,6.358165,10.267685,5.3663025,9.699039,4.4650455,9.097223,3.6615605,8.489824,2.9574845,7.902808,2.3493266,7.359213,1.8291359,6.8780403,1.3854111,6.473412,1.004165,6.1539807,0.67008966,5.922695,0.36774856,5.776874,0.08269836,5.708624,-0.19750026,5.7055163,-0.4824698,5.751549,-0.7784368,5.8282595,-1.0879236,5.915977,-1.4097319,5.995104,-1.7391975,6.047357,-2.0687292,6.056905,-2.3885474,6.0113015,-2.68762,5.9022107,-2.9546921,5.7258267,-3.1793537,5.483011,-3.3530831,5.1791034,-3.470168,4.823467,-3.5284681,4.428743,-3.529939,4.0099163,-3.4808865,3.5832212,-3.3919404,3.1649678,-3.2777102,2.7703667,-3.1561725,2.4124174,-3.0477855,2.1009533,-2.9744005,1.841869,-2.9580545,1.6366377,-3.0196228,1.4820739,-3.1775417,1.3704354,-3.4465792,1.2898204,-3.8367634,1.2248338,-4.3525295,1.157505,-4.9921627,1.0684011,-5.7475615,0.9378473,-6.604298,0.7472063,-7.542085,0.4801202,-8.535532,0.12365018,-9.555166,-0.33075774,-10.568764,-0.8865632,-11.542762,-1.541679,-12.443831,-2.2883713,-13.240414,-3.1134455,-13.904209,-3.998798,-14.411493,-4.922229,-14.744205,-5.858502,-14.890764,-6.7806344,-14.846538,-7.661242,-14.613983,-8.473996,-14.202389,-9.194986,-13.627326,-9.803966,-12.909747,-10.285458,-12.0748625,-10.62953,-11.150788,-10.832332
42,-32,10.435084,11.641721,9.259165,11.410055,8.101277,11.050146,6.987504,10.58342,5.9397345,10.03493,4.974869,9.432072,4.1043262,8.803143,3.3338695,8.175909,2.6637707,7.5761957,2.0892613,7.026631,1.6012686,6.545558,1.1873679,6.146248,0.83287734,5.836374,0.52204454,5.61783,0.23922998,5.486884,-0.02996986,5.434637,-0.29775545,5.447781,-0.5733405,5.509575,-0.8624247,5.6010156,-1.1669422,5.7020936,-1.4850895,5.7930827,-1.8116522,5.85577,-2.1385696,5.874567,-2.4557345,5.8374104,-2.7519412,5.736429,-3.0159318,5.5683312,-3.2374778,5.3344703,-3.4083889,5.0406175,-3.523431,4.6964445,-3.5810292,4.3147554,-3.5837574,3.910511,-3.5385413,3.4997277,-3.456563,3.098299,-3.3528812,2.7208343,-3.2457523,2.3795824,-3.1557162,2.0835018,-3.1044776,1.8375583,-3.1136687,1.6422794,-3.2035255,1.4935926,-3.3916082,1.3829876,-3.691602,1.297957,-4.1122985,1.2227287,-4.656795,1.1392115,-5.3219953,1.0281337,-6.098454,0.87027633,-6.9705,0.6477421,-7.916765,0.34517422,-8.911018,-0.049142174,-9.92323,-0.5423672,-10.920924,-1.1364611,-11.870634,-1.8278005,-12.739484,-2.607157,-13.496679,-3.4599524,-14.114991,-4.3668804,-14.572029,-5.304785,-14.851252,-6.2477612,-14.942721,-7.168485,-14.84351,-8.0395775,-14.557729,-8.835051,-14.096235,-9.531664,-13.475986,-10.110137,-12.719063,-10.556185,-11.8515415,-10.861257,-10.9020815,-11.022995
43,-32,9.968123,11.578534,8.795438,11.292899,7.6488285,10.88293,6.553469,10.371322,5.53011,9.784146,4.594352,9.149517,3.7562184,8.496146,3.0200527,7.8518877,2.384755,7.242354,1.8442934,6.689679,1.3885025,6.211485,1.0040684,5.8201284,0.675663,5.522257,0.38713816,5.3186774,0.12270908,5.2045817,-0.13194034,5.1700625,-0.38872007,5.2009196,-0.6563932,5.279698,-0.94009715,5.3868628,-1.2411491,5.5020933,-1.5571271,5.605558,-1.8822522,5.6791396,-2.207998,5.7075114,-2.5239272,5.679002,-2.8186712,5.586226,-3.0809803,5.4264007,-3.30081,5.2013683,-3.4703138,4.9173193,-3.5847287,4.584221,-3.6430416,4.2150164,-3.6484308,3.8246253,-3.6084135,3.4288223,-3.534699,3.0430725,-3.4427521,2.6813755,-3.3510666,2.3552237,-3.2802157,2.072714,-3.2517095,1.8379027,-3.2867315,1.6504043,-3.4048362,1.5053061,-3.622671,1.3933796,-3.952825,1.3015814,-4.4028363,1.2138282,-4.9744725,1.1119823,-5.6632824,0.97700953,-6.4585066,0.7902146,-7.3432827,0.5345048,-8.29524,0.19557855,-9.2873745,-0.23701593,-10.289178,-0.76902026,-11.268028,-1.4008882,-12.190642,-2.127472,-13.024671,-2.9380763,-13.740175,-3.8167853,-14.311074,-4.7431564,-14.716353,-5.6931467,-14.941038,-6.6402707,-14.976857,-7.5569534,-14.822577,-8.415908,-14.48397,-9.191586,-13.973405,-9.861494,-13.309174,-10.407388,-12.514443,-10.816246,-11.6160755,-11.080945,-10.643175,-11.200636
44,-32,9.499997,11.491807,8.333746,11.15325,7.201403,10.694745,6.127154,10.1402025,5.130552,9.516643,4.2258472,8.852829,3.4216375,8.177797,2.720832,7.519411,2.1209612,6.9029884,1.6147484,6.3500915,1.1909633,5.8775487,0.8354487,5.4967566,0.53227675,5.21328,0.2649585,5.0268135,0.017619042,4.9314475,-0.2239159,4.916262,-0.47121674,4.966181,-0.73255205,5.063031,-1.0124635,5.186783,-1.311623,5.3168154,-1.6269748,5.4332247,-1.952165,5.5180087,-2.2781997,5.5561256,-2.5943198,5.536321,-2.8889968,5.4516954,-3.151002,5.299981,-3.3704827,5.0835075,-3.5399394,4.8088703,-3.65508,4.486317,-3.715448,4.128916,-3.724808,3.7515204,-3.6912475,3.3696513,-3.626971,2.998329,-3.5478098,2.650935,-3.4724524,2.3382072,-3.4214637,2.0673976,-3.416108,1.84167,-3.477077,1.659763,-3.6232078,1.5159703,-3.8702092,1.4004011,-4.229548,1.299539,-4.7075086,1.19706,-5.304543,1.0748546,-6.0148673,0.9141958,-6.8264494,0.69698054,-7.72129,0.40698048,-8.676087,0.03099852,-9.663141,-0.44011867,-10.651555,-1.0106747,-11.6086445,-1.6796155,-12.501408,-2.4402854,-13.298102,-3.280556,-13.969727,-4.183226,-14.491406,-5.126778,-14.843565,-6.0863676,-15.012821,-7.03501,-14.992591,-7.9449716,-14.783338,-8.789153,-14.392453,-9.542526,-13.8338,-10.183438,-13.126943,-10.694745,-12.296064,-11.064744,-11.368725,-11.287779,-10.374417,-11.364545
45,-33,9.032347,11.382188,7.875658,10.991969,6.760464,10.48665,5.7098927,9.8913,4.7422366,9.233817,3.8703568,8.5435295,3.101396,7.849719,2.4368222,7.180173,1.8728007,6.559829,1.4008342,6.009607,1.0086634,5.545477,0.6813305,5.177807,0.40236354,4.911053,0.15498771,4.743756,-0.07670386,4.6688995,-0.30668917,4.6745424,-0.546148,4.744729,-0.8028124,4.8606067,-1.080591,5.00165,-1.3794878,5.146986,-1.6957947,5.2766547,-2.0225756,5.3727994,-2.3503706,5.420687,-2.6681008,5.409493,-2.9640887,5.332815,-3.2271352,5.1889076,-3.447587,4.9805803,-3.6182973,4.714826,-3.735445,4.4021597,-3.7991195,4.0557528,-3.8136597,3.6903794,-3.7876995,3.3212895,-3.7339044,2.963044,-3.6684368,2.628405,-3.6101418,2.3273618,-3.5795248,2.0663302,-3.5975614,1.8476093,-3.6844218,1.6691029,-3.8581798,1.5243524,-4.1335826,1.4028643,-4.520959,1.290712,-5.0253515,1.171405,-5.6458955,1.0269274,-6.375507,0.8389316,-7.2009363,0.5899729,-8.103105,0.26474282,-9.057837,-0.14880762,-10.03683,-0.6585018,-11.008884,-1.267192,-11.94134,-1.9723188,-12.801562,-2.7657402,-13.55851,-3.6339347,-14.184185,-4.558471,-14.654985,-5.516828,-14.952815,-6.4834347,-15.065918,-7.430901,-14.98941,-8.331426,-14.725438,-9.158188,-14.282998,-9.886773,-13.67739,-10.49644,-12.9294,-10.971218,-12.06415,-11.300779,-11.109827,-11.480964,-10.096216,-11.514036
46,-33,8.566778,11.25044,7.4226875,10.810024,6.327406,10.259804,5.3029327,9.625939,4.366249,8.937136,3.5287812,8.223202,2.7961993,7.513581,2.168523,6.8358946,1.6405684,6.2146235,1.2026432,5.6699696,0.841497,5.2169724,0.5414236,4.864931,0.2854604,4.6171412,0.056607068,4.470973,-0.16101678,4.4182816,-0.3811361,4.4461083,-0.6144904,4.5376396,-0.8682301,4.6733427,-1.1455995,4.832243,-1.4459065,4.993226,-1.7647767,5.1363134,-2.0946863,5.243823,-2.4257076,5.301353,-2.7464485,5.298524,-3.0450926,5.2294474,-3.3104784,5.0928984,-3.5331638,4.892168,-3.7063577,4.6346364,-3.826708,4.3310723,-3.8948438,3.9947336,-3.9156637,3.6403008,-3.8983207,3.2827349,-3.855915,2.9361317,-3.804904,2.6126308,-3.7642474,2.321479,-3.754348,2.0682707,-3.7958508,1.8544675,-3.9083667,1.6771781,-4.109177,1.5292404,-4.4120407,1.3996142,-4.82615,1.274031,-5.3553,1.1358992,-5.9973307,0.96736765,-6.7438917,0.750535,-7.5805635,0.4686764,-8.48725,0.10745585,-9.438978,-0.34398684,-10.406924,-0.89212,-11.359673,-1.5383353,-12.264677,-2.2785773,-13.089754,-3.1032436,-13.804649,-3.9974651,-14.382435,-4.9416375,-14.800843,-5.9123116,-15.043301,-6.883273,-15.0997,-7.8268147,-14.966861,-8.715163,-14.648603,-9.521867,-14.155491,-10.223209,-13.504217,-10.799439,-12.7167225,-11.235826,-11.8189945,-11.52346,-10.8397665,-11.659722,-9.809031,-11.648446
47,-33,8.104837,11.0974245,6.9762797,10.608479,5.9035444,10.015449,4.9074373,9.34552,4.0035715,8.628124,3.201912,7.893473,2.5066354,7.171079,1.9163185,6.4883146,1.4244399,5.869118,1.0201474,5.332901,0.68924445,4.893714,0.41532582,4.5597315,0.18099989,4.3330526,-0.030899873,4.209854,-0.23616461,4.180857,-0.44821116,4.2320895,-0.67728704,4.345884,-0.92991763,4.5020604,-1.2086499,4.6792173,-1.512071,4.8560333,-1.8351277,5.0125427,-2.1696994,5.1312656,-2.5053976,5.1981564,-2.8305182,5.203302,-3.1331189,5.141336,-3.4020889,5.0115623,-3.6281984,4.8177485,-3.8050227,4.567654,-3.9296784,4.2722898,-4.0033245,3.9449852,-4.0314026,3.6003103,-4.0235677,3.2529294,-3.993319,2.9164596,-3.9573743,2.6024227,-3.9347656,2.3193238,-3.945763,2.0719635,-4.0106354,1.8609912,-4.1483946,1.6827571,-4.3755107,1.5294502,-4.7047353,1.3895389,-5.144114,1.2484804,-5.696201,1.0896447,-6.3575706,0.89541703,-7.1186423,0.64840627,-7.9638715,0.33266488,-8.872218,-0.06512151,-9.817981,-0.5545888,-10.771902,-1.14083,-11.7024355,-1.8237724,-12.577237,-2.597878,-13.364665,-3.4521167,-14.035319,-4.3703184,-14.563425,-5.331774,-14.928083,-6.3121753,-15.114293,-7.2847567,-15.113616,-8.221584,-14.924569,-9.095002,-14.5526285,-9.879022,-14.0098915,-10.550708,-13.31439,-11.091377,-12.489149,-11.487594,-11.560947,-11.731918,-10.558983,-11.823294,-9.513362,-11.7671385
48,-34,7.6480236,10.924112,6.5378156,10.388489,5.490116,9.754909,4.524473,9.051513,3.6550891,8.308375,2.890435,7.556021,2.2331846,6.823946,1.6804758,6.139186,1.2244762,5.5250587,0.85320693,5.0001116,0.5515734,4.577347,0.30252957,4.2637625,0.08831453,4.060234,-0.10833946,3.9617224,-0.30307433,3.9578085,-0.5089394,4.0335126,-0.7356387,4.1703305,-0.98903376,4.3474708,-1.2709366,4.5431194,-1.579195,4.735793,-1.9080607,4.905568,-2.2488158,5.035198,-2.5906074,5.1110168,-2.9214349,5.1235986,-3.2292366,5.0681148,-3.5029624,4.944399,-3.7336087,4.7566957,-3.91512,4.513137,-4.0450783,4.22496,-4.125169,3.9055567,-4.1613607,3.5693712,-4.163782,3.2307558,-4.1463118,2.9028518,-4.1258883,2.5965562,-4.1215825,2.3196495,-4.153478,2.0761492,-4.2414546,1.8659357,-4.40388,1.6846342,-4.656382,1.5238336,-5.010706,1.3715768,-5.4737434,1.2131033,-6.046815,1.0318143,-6.7252607,0.8103974,-7.4983106,0.5320332,-8.349351,0.18160616,-9.256457,-0.2531326,-10.193289,-0.78056353,-11.130228,-1.4043887,-12.035688,-2.1230724,-12.877619,-2.9296136,-13.624998,-3.811591,-14.249358,-4.751586,-14.726136,-5.727851,-15.035862,-6.7153025,-15.165125,-7.6867056,-15.107179,-8.613996,-14.862227,-9.4697275,-14.437385,-10.228464,-13.846232,-10.868134,-13.108085,-11.37119,-12.246988,-11.725559,-11.290427,-11.9253,-10.267973,-11.970947,-9.209769,-11.86951
49,-34,7.197761,10.731562,6.108591,10.151293,5.088262,9.479582,4.1550064,8.745444,3.3215735,7.979514,2.5949178,7.2125444,1.976204,6.4739194,1.4611428,5.7902565,1.0406173,5.18417,0.7015638,4.673274,0.42804077,4.269461,0.20242223,3.978518,0.0066413027,3.8000557,-0.17660531,3.7278073,-0.36274755,3.750216,-0.56440854,3.8512971,-0.7906998,4.0117445,-1.0467737,4.2101593,-1.3336796,4.4243736,-1.6485028,4.632766,-1.9847884,4.8154893,-2.333218,4.9555635,-2.6824791,5.0397296,-3.0202837,5.0590706,-3.3344626,5.009306,-3.6140368,4.890805,-3.8502426,4.708289,-4.037392,4.4702525,-4.173539,4.188152,-4.260887,3.8754287,-4.3059134,3.5463846,-4.3192015,3.2150538,-4.3149815,2.8940983,-4.3103747,2.5937889,-4.324456,2.3211963,-4.3770967,2.0795805,-4.4877343,1.8680758,-4.6740785,1.681633,-4.950896,1.5112915,-5.3289046,1.3447219,-5.813845,1.1670117,-6.405829,0.9616597,-7.098985,0.7117174,-7.8814034,0.40099695,-8.735454,0.015265401,-9.638396,-0.45662057,-10.563337,-1.0217602,-11.480372,-1.6824534,-12.357968,-2.4357083,-13.164453,-3.2730854,-13.869506,-4.1808133,-14.4456625,-5.140283,-14.86962,-6.128776,-15.123404,-7.1205206,-15.195208,-8.087898,-15.07998,-9.002807,-14.779614,-9.838107,-14.302818,-10.568997,-13.664622,-11.174356,-12.885559,-11.637838,-11.990612,-11.948774,-11.007905,-12.102779,-9.967292,-12.10199,-8.898853,-11.954996
50,-35,6.7554026,10.520916,5.68982,9.89821,4.6990304,9.190929,3.7999005,8.428896,3.0036886,7.6432104,2.3158147,6.8647647,1.7359356,6.122746,1.2583492,5.443262,0.8726881,4.848149,0.56484807,4.3540173,0.3180977,3.9715984,0.114292674,3.7054157,-0.06487231,3.553805,-0.23666984,3.5092518,-0.41625336,3.5590582,-0.6157623,3.6862597,-0.8436646,3.8707635,-1.1043638,4.090604,-1.3981152,4.3232865,-1.7212212,4.54709,-2.066512,4.742286,-2.4240649,4.8921876,-2.7821176,4.983978,-3.1281016,5.0092626,-3.449753,4.9643245,-3.7361798,4.850077,-3.9788635,4.671715,-4.1724954,4.438088,-4.315599,4.160866,-4.410885,3.85352,-4.465328,3.5302038,-4.489951,3.2046282,-4.4992943,2.8889625,-4.5106425,2.5928667,-4.543036,2.3227103,-4.6160994,2.081021,-4.748794,1.866218,-4.9581485,1.6726218,-5.258053,1.4907753,-5.6581864,1.3080335,-6.163147,1.1093934,-6.77186,0.8785161,-7.4772716,0.5988768,-8.2663765,0.25497505,-9.120593,-0.16649176,-10.016446,-0.6755263,-10.926547,-1.2779248,-11.82081,-1.9745804,-12.667833,-2.761057,-13.436403,-3.6275048,-14.096981,-4.5588484,-14.623175,-5.535349,-14.993004,-6.5333943,-15.190005,-7.5266027,-15.204022,-8.48707,-15.031692,-9.386745,-14.6765785,-10.198888,-14.148956,-10.899423,-13.465246,-11.468245,-12.647134,-11.890284,-11.720477,-12.156332,-10.713926,-12.263569,-9.657542,-12.215756,-8.581266,-12.023074
51,-35,6.3222237,10.293404,5.2826214,9.63062,4.323367,8.890468,3.4599075,8.103483,2.701983,7.301155,2.0534632,6.5144157,1.5125018,5.7721653,1.0720079,5.09992,0.7203992,4.518657,0.44258168,4.0439224,0.22109279,3.6852264,0.037336793,3.4458058,-0.12716219,3.322682,-0.28957722,3.3070936,-0.46472123,3.3852108,-0.66419125,3.5391016,-0.8957621,3.7479143,-1.1630492,3.9891543,-1.4654849,4.2400374,-1.7985703,4.478782,-2.154411,4.685816,-2.5224848,4.844782,-2.890582,4.943329,-3.2458675,4.973611,-3.5759978,4.9324865,-3.8701787,4.821418,-4.12015,4.6460733,-4.3209915,4.415658,-4.4716897,4.1420336,-4.575459,3.8386953,-4.6397643,3.5196433,-4.676035,3.1982493,-4.699102,2.8861942,-4.726385,2.592533,-4.7768517,2.3229473,-4.869852,2.079258,-5.023839,1.8592025,-5.2551427,1.6565177,-5.576757,1.4612979,-5.997319,1.2606411,-6.5203004,1.0395164,-7.143458,0.78180677,-7.8585916,0.47146988,-8.6516485,0.093745,-9.503173,-0.36369696,-10.3890085,-0.90968746,-11.28136,-1.5487026,-12.150047,-2.280229,-12.963878,-3.0984023,-13.692183,-3.9919968,-14.30628,-4.944683,-14.780913,-5.9356585,-15.095473,-6.9404926,-15.235047,-7.9322815,-15.191138,-8.882925,-14.96207,-9.764519,-14.553062,-10.550812,-13.975913,-11.21854,-13.248373,-11.748691,-12.393217,-12.127524,-11.437084,-12.347337,-10.409084,-12.406918,-9.33939,-12.311641,-8.257705,-12.07327
52,-35,5.8994083,10.050321,4.8880205,9.349967,3.9621124,8.579759,3.1356697,7.7708616,2.416889,6.955057,1.8080809,6.1632295,1.3059072,5.423902,0.9019149,4.761913,0.58334935,4.1973085,0.33418056,3.7445025,0.13627715,3.4117448,-0.029337347,3.2009397,-0.18124095,3.1077855,-0.33643648,3.1222663,-0.50933194,3.229431,-0.7109247,3.4104023,-0.94824547,3.6435995,-1.224087,3.9060373,-1.5370266,4.1746798,-1.8817524,4.427733,-2.2496378,4.645813,-2.629561,4.812935,-3.008876,4.9172373,-3.3744967,4.9514456,-3.7140098,4.9130087,-4.0167384,4.8039455,-4.274693,4.6303926,-4.4833403,4.401904,-4.642139,4.130532,-4.7548027,3.8297794,-4.8292656,3.5134833,-4.877345,3.1946719,-4.9141455,2.8845398,-4.9571786,2.5915365,-5.0253253,2.3206832,-5.1376114,2.0731106,-5.311976,1.8459156,-5.564016,1.6322919,-5.9058223,1.4219391,-6.344998,1.2017537,-6.883893,0.95673436,-7.5191183,0.6710492,-8.241379,0.32919043,-9.0356245,-0.08281504,-9.881577,-0.5762801,-10.754487,-1.1588376,-11.626232,-1.8336399,-12.466612,-2.5987635,-13.24474,-3.4469378,-13.930562,-4.3656044,-14.496323,-5.337235,-14.917964,-6.340024,-15.176303,-7.348806,-15.25799,-8.336249,-15.15621,-9.274145,-14.870968,-10.134824,-14.409097,-10.89262,-13.783879,-11.525163,-13.014344,-12.014595,-12.124278,-12.3485775,-11.141015,-12.520945,-10.094042,-12.532103,-9.013545,-12.389071,-7.928907,-12.105164
53,-36,5.4880595,9.793032,4.5069456,9.05775,3.6160042,8.260406,2.8277206,7.432705,2.1487253,6.6066327,1.5797713,5.812932,1.1160423,5.079657,0.74775547,4.4308863,0.4610309,3.885662,0.23896104,3.4572103,0.0628129,3.152472,-0.08670238,2.9719844,-0.22818947,2.910117,-0.37841275,2.9555979,-0.5513088,3.0923629,-0.7572187,3.3006222,-1.0023834,3.5580986,-1.2887318,3.8413534,-1.6139665,4.1271477,-1.971943,4.393712,-2.3533027,4.6219,-2.7463257,4.7961264,-3.137943,4.905055,-3.5148282,4.9420013,-3.8645203,4.9050207,-4.1764717,4.7966924,-4.4429746,4.6236258,-4.659896,4.395714,-4.827164,4.1251884,-4.948987,3.825559,-5.0337515,3.5104795,-5.0936537,3.1926389,-5.1440363,2.8827412,-5.2024875,2.588647,-5.287755,2.314722,-5.418529,2.061442,-5.6122055,1.8252991,-5.88363,1.5989845,-6.2439823,1.3718545,-6.6998386,1.130663,-7.2524414,0.8604955,-7.8972864,0.54585797,-8.624024,0.17183407,-9.416669,-0.27471614,-10.25418,-0.80405855,-11.111286,-1.4226054,-11.959632,-2.1321728,-12.769068,-2.929443,-13.509091,-3.8057644,-14.150354,-4.7472873,-14.666092,-5.735339,-15.033497,-6.747192,-15.234839,-7.757022,-15.258384,-8.737157,-15.098979,-9.659372,-14.758313,-10.49634,-14.244793,-11.223053,-13.573137,-11.8181095,-12.763591,-12.2648945,-11.840867,-12.5525,-10.832923,-12.676347,-9.76952,-12.638478,-8.680774,-12.447544,-7.5956564,-12.118394
54,-36,5.089174,9.522951,4.1402135,8.755504,3.2856627,7.9340334,2.5364718,7.090699,1.8976909,6.257595,1.3685175,5.465226,0.9426794,4.7410913,0.6091024,4.1084313,0.35283175,3.5852132,0.1561438,3.183415,-0.00022585172,2.9086251,-0.13580492,2.7600052,-0.26915106,2.7305653,-0.41671923,2.807792,-0.5919106,2.9745288,-0.8043522,3.2100968,-1.0594496,3.4915624,-1.3582337,3.7950797,-1.6975081,4.097248,-2.0702853,4.376371,-2.46647,4.6135793,-2.873753,4.793725,-3.2786548,4.9060287,-3.667625,4.9444184,-4.0281715,4.9075656,-4.3498945,4.7986207,-4.6253824,4.624664,-4.850906,4.3959193,-5.0268717,4.124795,-5.1579714,3.8247914,-5.253035,3.5093768,-5.32462,3.190894,-5.388283,2.8795595,-5.4616604,2.5826533,-5.563338,2.3039038,-5.711656,2.0431638,-5.923436,1.7963521,-6.212757,1.5557023,-6.589898,1.3102813,-7.060399,1.0467511,-7.6244216,0.7503413,-8.276377,0.4059499,-9.004906,-0.0006985417,-9.793148,-0.48186943,-10.619365,-1.0467509,-11.457844,-1.7005184,-12.280066,-2.4436483,-13.056026,-3.2714436,-13.755681,-4.173904,-14.350459,-5.1359324,-14.8146515,-6.1377788,-15.126753,-7.1558623,-15.270532,-8.163792,-15.235868,-9.133636,-15.019293,-10.037261,-14.624134,-10.847754,-14.060356,-11.540863,-13.344056,-12.096237,-12.496618,-12.498553,-11.543611,-12.738397,-10.513517,-12.812787,-9.436289,-12.725433,-8.341881,-12.486601,-7.2587647,-12.11265
55,-37,4.7036514,9.241546,3.7885387,8.4448,2.971599,7.6022897,2.262223,6.7465363,1.6638684,5.9096417,1.1741881,5.1217866,0.78548133,4.409827,0.4854233,3.7960815,0.25804082,3.2973788,0.08486026,2.9243972,-0.05384218,2.6813397,-0.17775752,2.5659537,-0.30532163,2.5699043,-0.45260885,2.6794367,-0.63242,2.8763247,-0.853614,3.1390362,-1.1207142,3.444017,-1.4338242,3.767068,-1.788824,4.0846667,-2.1778762,4.3752427,-2.590147,4.620242,-3.0127501,4.8049974,-3.4318054,4.919311,-3.8335598,4.957747,-4.2055116,4.919612,-4.537422,4.808625,-4.8221917,4.6323404,-5.056507,4.401312,-5.241252,4.1281104,-5.381596,3.8262174,-5.48681,3.508913,-5.5697846,3.1881866,-5.646276,2.8737738,-5.7339315,2.5723772,-5.8511724,2.2871182,-6.015949,2.0172455,-6.2444825,1.7581422,-6.550102,1.5016344,-6.942159,1.2365426,-7.4251804,0.94949335,-7.9982605,0.62591326,-8.654773,0.25114515,-9.382389,-0.18840075,-10.163426,-0.70407724,-10.975532,-1.3039689,-11.792617,-1.9920009,-12.586086,-2.7673142,-13.326153,-3.6238506,-13.983315,-4.5502963,-14.529843,-5.5303593,-14.941152,-6.543277,-15.197076,-7.564692,-15.282916,-8.567731,-15.1901865,-9.524303,-14.91708,-10.406443,-14.468556,-11.187757,-13.856086,-11.844827,-13.097081,-12.358418,-12.214006,-12.714575,-11.233192,-12.905404,-10.18357,-12.929566,-9.095177,-12.792422,-7.9977174,-12.505854,-6.9190874,-12.0877
56,-37,4.3322906,8.950318,3.4525225,8.127234,2.674209,7.2668304,2.0051544,6.4018917,1.4472245,5.5644484,0.99653953,4.7842517,0.64400125,4.0874267,0.37608394,3.4953027,0.17585479,3.0235,0.024159394,2.681351,-0.0991102,2.4716327,-0.21373138,2.3906794,-0.33794194,2.428792,-0.4873641,2.5709934,-0.6741359,2.7980208,-0.9062925,3.0875175,-1.1874359,3.4153643,-1.5167056,3.7570403,-1.8890461,4.0889688,-2.295759,4.389743,-2.7252777,4.6411734,-3.1641467,4.8291087,-3.5981045,4.943963,-4.013216,4.9809628,-4.396987,4.9400554,-4.739363,4.825544,-5.033569,4.645448,-5.2767224,4.410651,-5.47018,4.133873,-5.619591,3.8285725,-5.734655,3.5078335,-5.8285766,3.1832864,-5.917291,2.864191,-6.0184436,2.556688,-6.150256,2.2633073,-6.330263,1.9827199,-6.5740905,1.7098151,-6.894291,1.4360516,-7.299296,1.1500533,-7.7926283,0.8384628,-8.372352,0.48695683,-9.030832,0.0813699,-9.754823,-0.3911587,-10.525873,-0.9410353,-11.3210945,-1.5752195,-12.114104,-2.2963796,-12.876286,-3.1023245,-13.578172,-3.9856627,-14.190873,-4.933807,-14.687561,-5.9293222,-15.044824,-6.9505,-15.2438965,-7.9722943,-15.271625,-8.967432,-15.121166,-9.907751,-14.792371,-10.765555,-14.291795,-11.515053,-13.632367,-12.133741,-12.832757,-12.603578,-11.91642,-12.912011,-10.9103775,-13.052726,-9.84391,-13.026036,-8.747057,-12.838965,-7.6491756,-12.504977,-6.5775023,-12.043367
57,-38,3.9757776,8.650798,3.132656,7.8044124,2.3937733,6.929305,1.7653352,6.0584373,1.247612,5.223657,0.83521587,4.454205,0.5176887,3.7753944,0.2803533,3.2074807,0.10538279,2.7648246,-0.026986267,2.4553623,-0.13716742,2.2804236,-0.2449474,2.2349045,-0.368288,2.307759,-0.52228963,2.4828024,-0.71836364,2.7397592,-0.9636704,3.0554996,-1.2608485,3.4053745,-1.6080472,3.7646067,-1.9992576,4.109605,-2.424917,4.419181,-2.8727329,4.675555,-3.3286924,4.86513,-3.7781715,4.978966,-4.2070765,5.0129633,-4.602943,4.967735,-4.9559174,4.848165,-5.2595716,4.662744,-5.5114594,4.4226694,-5.7134166,4.140811,-5.871569,3.8305936,-5.9960303,3.504892,-6.1003146,3.1749876,-6.2005053,2.84966,-6.314232,2.534504,-6.4594846,2.2314696,-6.653381,1.9386915,-6.9109235,1.6505964,-7.243884,1.3583124,-7.659788,1.0503231,-8.161165,0.71333605,-8.745073,0.33332285,-9.402907,-0.10334427,-10.120561,-0.60875314,-10.878887,-1.1923343,-11.654513,-1.8599089,-12.42084,-2.6128855,-13.149327,-3.4477463,-13.8108835,-4.3558006,-14.377306,-5.3232327,-14.822739,-6.3315187,-15.124999,-7.3580756,-15.2667465,-8.377255,-15.236394,-9.361473,-15.028753,-10.282581,-14.645302,-11.113248,-14.094162,-11.828375,-13.389672,-12.406443,-12.551697,-12.830668,-11.604595,-13.089972,-10.575997,-13.179627,-9.495434,-13.101628,-8.392856,-12.86465,-7.297181,-12.483732,-6.234915,-11.9795685
58,-38,3.6347005,8.344542,2.8293211,7.477953,2.130463,6.5913634,1.5427197,5.717814,1.0647751,4.888872,0.6897588,4.133183,0.4058945,3.4751613,0.19741136,2.9339235,0.0456551,2.5225074,-0.069670424,2.247418,-0.16920634,2.1085117,-0.27266648,2.0992393,-0.3976621,2.2072153,-0.5587002,2.4150708,-0.766405,2.7015576,-1.0270098,3.0428052,-1.3421537,3.4136987,-1.7089698,3.7892487,-2.1204832,4.14591,-2.5662642,4.4627604,-3.0333023,4.7224755,-3.5070453,4.91205,-3.9725268,5.023219,-4.4155183,5.0525866,-4.823608,5.0014324,-5.1871705,4.875235,-5.500135,4.68295,-5.7605023,4.4360847,-5.970598,4.1476474,-6.1370196,3.8310227,-6.2702875,3.4988732,-6.384201,3.1621192,-6.4949875,2.8290756,-6.620232,2.504798,-6.777676,2.1906817,-6.983996,1.8843462,-7.253575,1.5797967,-7.597391,1.2678756,-8.022066,0.9369669,-8.529167,0.57389235,-9.114772,0.16496871,-9.769343,-0.30285096,-10.477972,-0.84085035,-11.2208805,-1.4574594,-11.974277,-2.157343,-12.711421,-2.9406488,-13.40393,-3.8025606,-14.023159,-4.7331095,-14.54166,-5.7173,-14.934614,-6.735587,-15.181106,-7.76459,-15.265257,-8.7781315,-15.177067,-9.74841,-14.912981,-10.647387,-14.476104,-11.448183,-13.876072,-12.126471,-13.128581,-12.661801,-12.254605,-13.038703,-11.279339,-13.247613,-10.230929,-13.285435,-9.139078,-13.155832,-8.033534,-12.869142,-6.9427104,-12.4419365,-5.892269,-11.896271
